location,date,actual,prediction,lower_bound,upper_bound,confidence_level,deviation,absolute_deviation,relative_deviation_percent,above_upper,below_lower,is_anomaly,anomaly_direction,severity,explanation,anomaly_streak,persistence_severity,persistent_alert,alert_explanation
SOUTH ATLANTIC,2024-05-13,2.0,2.7838827122386487,1.285243649241558,4.28252177523574,0.95,-0.7838827122386487,0.7838827122386487,-28.15789288796195,False,False,False,NORMAL,NORMAL,Actual cases (2) are within the expected forecast interval (1–4).,0,NORMAL,False,No statistical anomaly detected.
SOUTH ATLANTIC,2024-05-20,1.5,2.331508858306828,0.6261105160366374,4.036907200577019,0.95,-0.8315088583068282,0.8315088583068282,-35.6639802308399,False,False,False,NORMAL,NORMAL,Actual cases (2) are within the expected forecast interval (1–4).,0,NORMAL,False,No statistical anomaly detected.
SOUTH ATLANTIC,2024-05-27,1.0,2.149178256012372,0.3504891158413505,3.947867396183394,0.95,-1.1491782560123718,1.1491782560123718,-53.470588249137606,False,False,False,NORMAL,NORMAL,Actual cases (1) are within the expected forecast interval (0–4).,0,NORMAL,False,No statistical anomaly detected.
SOUTH ATLANTIC,2024-06-03,2.5,2.062329068126852,0.199112541601484,3.925545594652218,0.95,0.4376709318731482,0.4376709318731482,21.222167627723486,False,False,False,NORMAL,NORMAL,Actual cases (2) are within the expected forecast interval (0–4).,0,NORMAL,False,No statistical anomaly detected.
SOUTH ATLANTIC,2024-06-10,4.0,2.009239975036652,0.0910797697194316,3.927400180353872,0.95,1.990760024963348,1.990760024963348,99.08025172189964,True,False,True,HIGH,WARNING,Actual cases (4) are above the upper forecast limit (4). Expected value was approximately 2.,1,WATCH,False,Statistical anomaly detected for 1 consecutive week. Monitoring required.
SOUTH ATLANTIC,2024-06-17,3.333333333333333,1.9680874393218888,0.0,3.937212083263775,0.95,1.3652458940114442,1.3652458940114442,69.36916860166762,False,False,False,NORMAL,NORMAL,Actual cases (3) are within the expected forecast interval (0–4).,0,NORMAL,False,No statistical anomaly detected.
SOUTH ATLANTIC,2024-06-24,2.666666666666667,1.9657768415986727,0.0,3.983748126906869,0.95,0.7008898250679942,0.7008898250679942,35.65459772626042,False,False,False,NORMAL,NORMAL,Actual cases (3) are within the expected forecast interval (0–4).,0,NORMAL,False,No statistical anomaly detected.
SOUTH ATLANTIC,2024-07-01,2.0,2.449684081267052,0.384306579403066,4.515061583131036,0.95,-0.4496840812670517,0.4496840812670517,-18.356819342780778,False,False,False,NORMAL,NORMAL,Actual cases (2) are within the expected forecast interval (0–5).,0,NORMAL,False,No statistical anomaly detected.
SOUTH ATLANTIC,2024-07-08,4.0,3.1235263312292707,1.011905169482569,5.2351474929759725,0.95,0.8764736687707293,0.8764736687707293,28.06038995118031,False,False,False,NORMAL,NORMAL,Actual cases (4) are within the expected forecast interval (1–5).,0,NORMAL,False,No statistical anomaly detected.
SOUTH ATLANTIC,2024-07-15,2.0,3.797556142115381,1.6407166697927045,5.954395614438058,0.95,-1.797556142115381,1.797556142115381,-47.33455082283721,False,False,False,NORMAL,NORMAL,Actual cases (2) are within the expected forecast interval (2–6).,0,NORMAL,False,No statistical anomaly detected.
SOUTH ATLANTIC,2024-07-22,4.0,4.229285387853639,2.028168153254414,6.430402622452863,0.95,-0.2292853878536389,0.2292853878536389,-5.421374223459562,False,False,False,NORMAL,NORMAL,Actual cases (4) are within the expected forecast interval (2–6).,0,NORMAL,False,No statistical anomaly detected.
SOUTH ATLANTIC,2024-07-29,2.0,5.872867193527645,3.628349591788089,8.117384795267201,0.95,-3.872867193527645,3.872867193527645,-65.94508382201873,False,True,True,LOW,WARNING,Actual cases (2) are below the lower forecast limit (4). Expected value was approximately 6.,1,WATCH,False,Statistical anomaly detected for 1 consecutive week. Monitoring required.
SOUTH ATLANTIC,2024-08-05,3.0,2.8280489500692094,0.5409558283333844,5.115142071805034,0.95,0.1719510499307905,0.1719510499307905,6.080200624765795,False,False,False,NORMAL,NORMAL,Actual cases (3) are within the expected forecast interval (1–5).,0,NORMAL,False,No statistical anomaly detected.
SOUTH ATLANTIC,2024-08-12,2.0,2.2068747566424576,0.0,4.535764692191465,0.95,-0.2068747566424575,0.2068747566424575,-9.374104988050936,False,False,False,NORMAL,NORMAL,Actual cases (2) are within the expected forecast interval (0–5).,0,NORMAL,False,No statistical anomaly detected.
SOUTH ATLANTIC,2024-08-19,8.0,4.206861208816606,1.8369116516450208,6.57681076598819,0.95,3.793138791183394,3.793138791183394,90.16553204165268,True,False,True,HIGH,WARNING,Actual cases (8) are above the upper forecast limit (7). Expected value was approximately 4.,1,WATCH,False,Statistical anomaly detected for 1 consecutive week. Monitoring required.
SOUTH ATLANTIC,2024-08-26,3.0,6.599932860480584,4.189623090376671,9.010242630584496,0.95,-3.599932860480584,3.599932860480584,-54.54499214736632,False,True,True,LOW,WARNING,Actual cases (3) are below the lower forecast limit (4). Expected value was approximately 7.,2,WARNING,True,Statistical anomaly detected for 2 consecutive weeks. Persistent signal requiring investigation.
SOUTH ATLANTIC,2024-09-02,4.0,12.402393074016134,9.952387896358456,14.852398251673812,0.95,-8.402393074016134,8.402393074016134,-67.74815976135868,False,True,True,LOW,WARNING,Actual cases (4) are below the lower forecast limit (10). Expected value was approximately 12.,3,HIGH,True,Statistical anomaly detected for 3 consecutive weeks. Persistent high-level statistical signal requiring investigation.
SOUTH ATLANTIC,2024-09-09,4.0,8.51031267101633,6.021245071008273,10.999380271024386,0.95,-4.5103126710163295,4.5103126710163295,-52.998201656880994,False,True,True,LOW,WARNING,Actual cases (4) are below the lower forecast limit (6). Expected value was approximately 9.,4,HIGH,True,Statistical anomaly detected for 4 consecutive weeks. Persistent high-level statistical signal requiring investigation.
SOUTH ATLANTIC,2024-09-16,10.0,3.206883314171617,0.6793569242649795,5.734409704078255,0.95,6.793116685828383,6.793116685828383,211.82924417014965,True,False,True,HIGH,HIGH,Actual cases (10) are above the upper forecast limit (6). Expected value was approximately 3.,5,HIGH,True,Statistical anomaly detected for 5 consecutive weeks. Persistent high-level statistical signal requiring investigation.
SOUTH ATLANTIC,2024-09-23,5.0,1.9645228206625016,0.0,4.5299315175198895,0.95,3.0354771793374984,3.0354771793374984,154.5147324027438,True,False,True,HIGH,HIGH,Actual cases (5) are above the upper forecast limit (5). Expected value was approximately 2.,6,HIGH,True,Statistical anomaly detected for 6 consecutive weeks. Persistent high-level statistical signal requiring investigation.
SOUTH ATLANTIC,2024-09-30,7.0,8.783224416123318,6.180484722702143,11.385964109544492,0.95,-1.7832244161233175,1.7832244161233175,-20.30261703036828,False,False,False,NORMAL,NORMAL,Actual cases (7) are within the expected forecast interval (6–11).,0,NORMAL,False,No statistical anomaly detected.
SOUTH ATLANTIC,2024-10-07,1.0,8.265954839725127,5.626412067887435,10.90549761156282,0.95,-7.265954839725127,7.265954839725127,-87.90218408653617,False,True,True,LOW,WARNING,Actual cases (1) are below the lower forecast limit (6). Expected value was approximately 8.,1,WATCH,False,Statistical anomaly detected for 1 consecutive week. Monitoring required.
SOUTH ATLANTIC,2024-10-14,15.0,3.2068543217266345,0.5310146056180542,5.882694037835215,0.95,11.793145678273364,11.793145678273364,367.74809502178135,True,False,True,HIGH,HIGH,Actual cases (15) are above the upper forecast limit (6). Expected value was approximately 3.,2,WARNING,True,Statistical anomaly detected for 2 consecutive weeks. Persistent signal requiring investigation.
SOUTH ATLANTIC,2024-10-21,13.0,4.3433250915821615,1.6316742373639117,7.054975945800411,0.95,8.656674908417838,8.656674908417838,199.30985422195127,True,False,True,HIGH,HIGH,Actual cases (13) are above the upper forecast limit (7). Expected value was approximately 4.,3,HIGH,True,Statistical anomaly detected for 3 consecutive weeks. Persistent high-level statistical signal requiring investigation.
SOUTH ATLANTIC,2024-10-28,8.0,7.176317760194966,4.429322565393598,9.923312954996334,0.95,0.8236822398050343,0.8236822398050343,11.477783834681484,False,False,False,NORMAL,NORMAL,Actual cases (8) are within the expected forecast interval (4–10).,0,NORMAL,False,No statistical anomaly detected.
SOUTH ATLANTIC,2024-11-04,1.0,5.661033397414085,2.879142842239874,8.442923952588297,0.95,-4.661033397414085,4.661033397414085,-82.33538066642052,False,True,True,LOW,WARNING,Actual cases (1) are below the lower forecast limit (3). Expected value was approximately 6.,1,WATCH,False,Statistical anomaly detected for 1 consecutive week. Monitoring required.
SOUTH ATLANTIC,2024-11-11,1.0,3.297474148801416,0.4811204545461898,6.113827843056642,0.95,-2.297474148801416,2.297474148801416,-69.67375770440883,False,False,False,NORMAL,NORMAL,Actual cases (1) are within the expected forecast interval (0–6).,0,NORMAL,False,No statistical anomaly detected.
SOUTH ATLANTIC,2024-11-18,4.0,6.237326223673006,3.38692573905745,9.087726708288562,0.95,-2.237326223673006,2.237326223673006,-35.86995682832026,False,False,False,NORMAL,NORMAL,Actual cases (4) are within the expected forecast interval (3–9).,0,NORMAL,False,No statistical anomaly detected.
SOUTH ATLANTIC,2024-11-25,7.0,1.9642593478871184,0.0,4.848305561612501,0.95,5.035740652112882,5.035740652112882,256.3684198591007,True,False,True,HIGH,HIGH,Actual cases (7) are above the upper forecast limit (5). Expected value was approximately 2.,1,WATCH,False,Statistical anomaly detected for 1 consecutive week. Monitoring required.
SOUTH ATLANTIC,2024-12-02,1.0,11.055397650139822,8.138091399590827,13.972703900688815,0.95,-10.055397650139822,10.055397650139822,-90.95464467542376,False,True,True,LOW,WARNING,Actual cases (1) are below the lower forecast limit (8). Expected value was approximately 11.,2,WARNING,True,Statistical anomaly detected for 2 consecutive weeks. Persistent signal requiring investigation.
SOUTH ATLANTIC,2024-12-09,9.0,9.664988203019902,6.714790575330941,12.615185830708864,0.95,-0.6649882030199024,0.6649882030199024,-6.88038297669232,False,False,False,NORMAL,NORMAL,Actual cases (9) are within the expected forecast interval (7–13).,0,NORMAL,False,No statistical anomaly detected.
TOTAL,2024-05-27,2.0,1.4737582063348669,0.0,4.477277329880423,0.95,0.5262417936651331,0.5262417936651331,35.707471646509745,False,False,False,NORMAL,NORMAL,Actual cases (2) are within the expected forecast interval (0–4).,0,NORMAL,False,No statistical anomaly detected.
TOTAL,2024-06-03,6.0,1.5865319448447004,0.0,4.864431722442277,0.95,4.4134680551553,4.4134680551553,278.18337156692536,True,False,True,HIGH,HIGH,Actual cases (6) are above the upper forecast limit (5). Expected value was approximately 2.,1,WATCH,False,Statistical anomaly detected for 1 consecutive week. Monitoring required.
TOTAL,2024-06-10,10.0,1.5568779781242463,0.0,4.894370332495641,0.95,8.443122021875753,8.443122021875753,542.311095699881,True,False,True,HIGH,HIGH,Actual cases (10) are above the upper forecast limit (5). Expected value was approximately 2.,2,WARNING,True,Statistical anomaly detected for 2 consecutive weeks. Persistent signal requiring investigation.
TOTAL,2024-06-17,3.0,1.4710288511632896,0.0,4.825117517594755,0.95,1.5289711488367104,1.5289711488367104,103.93889607451274,False,False,False,NORMAL,NORMAL,Actual cases (3) are within the expected forecast interval (0–5).,0,NORMAL,False,No statistical anomaly detected.
TOTAL,2024-06-24,3.0,1.4854768156506415,0.0,4.845060491164744,0.95,1.5145231843493585,1.5145231843493585,101.95535658266026,False,False,False,NORMAL,NORMAL,Actual cases (3) are within the expected forecast interval (0–5).,0,NORMAL,False,No statistical anomaly detected.
TOTAL,2024-07-01,2.0,3.3484617330986026,0.0,6.710050651501461,0.95,-1.3484617330986026,1.3484617330986026,-40.27108088975417,False,False,False,NORMAL,NORMAL,Actual cases (2) are within the expected forecast interval (0–7).,0,NORMAL,False,No statistical anomaly detected.
TOTAL,2024-07-08,4.0,4.92257724553607,1.5602224405404117,8.28493205053173,0.95,-0.92257724553607,0.92257724553607,-18.74175253161723,False,False,False,NORMAL,NORMAL,Actual cases (4) are within the expected forecast interval (2–8).,0,NORMAL,False,No statistical anomaly detected.
TOTAL,2024-07-15,3.0,6.780747880856731,3.418094826034905,10.143400935678558,0.95,-3.7807478808567314,3.7807478808567314,-55.75709268782079,False,True,True,LOW,WARNING,Actual cases (3) are below the lower forecast limit (3). Expected value was approximately 7.,1,WATCH,False,Statistical anomaly detected for 1 consecutive week. Monitoring required.
TOTAL,2024-07-22,4.0,7.638380215905192,4.27561009719965,11.001150334610736,0.95,-3.638380215905192,3.638380215905192,-47.63287651391183,False,True,True,LOW,WATCH,Actual cases (4) are below the lower forecast limit (4). Expected value was approximately 8.,2,WARNING,True,Statistical anomaly detected for 2 consecutive weeks. Persistent signal requiring investigation.
TOTAL,2024-07-29,7.0,12.78226408335273,9.419447871232428,16.145080295473033,0.95,-5.782264083352731,5.782264083352731,-45.23661884660474,False,True,True,LOW,WATCH,Actual cases (7) are below the lower forecast limit (9). Expected value was approximately 13.,3,HIGH,True,Statistical anomaly detected for 3 consecutive weeks. Persistent high-level statistical signal requiring investigation.
TOTAL,2024-08-05,6.0,3.5662021942840045,0.2033678097037983,6.929036578864211,0.95,2.4337978057159955,2.4337978057159955,68.24620907970237,False,False,False,NORMAL,NORMAL,Actual cases (6) are within the expected forecast interval (0–7).,0,NORMAL,False,No statistical anomaly detected.
TOTAL,2024-08-12,4.0,3.780298530870138,0.4174569775172507,7.143140084223026,0.95,0.2197014691298622,0.2197014691298622,5.811749186890062,False,False,False,NORMAL,NORMAL,Actual cases (4) are within the expected forecast interval (0–7).,0,NORMAL,False,No statistical anomaly detected.
TOTAL,2024-08-19,14.0,5.352178759004072,1.9893343761062765,8.715023141901868,0.95,8.647821240995928,8.647821240995928,161.57571767287357,True,False,True,HIGH,HIGH,Actual cases (14) are above the upper forecast limit (9). Expected value was approximately 5.,1,WATCH,False,Statistical anomaly detected for 1 consecutive week. Monitoring required.
TOTAL,2024-08-26,7.0,1.6375753535155089,0.0,5.000420854847799,0.95,5.362424646484492,5.362424646484492,327.46124536941534,True,False,True,HIGH,HIGH,Actual cases (7) are above the upper forecast limit (5). Expected value was approximately 2.,2,WARNING,True,Statistical anomaly detected for 2 consecutive weeks. Persistent signal requiring investigation.
TOTAL,2024-09-02,6.0,27.49899234738778,24.136146400852947,30.861838293922613,0.95,-21.49899234738778,21.49899234738778,-78.18101869259962,False,True,True,LOW,WARNING,Actual cases (6) are below the lower forecast limit (24). Expected value was approximately 27.,3,HIGH,True,Statistical anomaly detected for 3 consecutive weeks. Persistent high-level statistical signal requiring investigation.
TOTAL,2024-09-09,13.0,5.636546568253586,2.273700437699814,8.999392698807357,0.95,7.363453431746414,7.363453431746414,130.63767579281952,True,False,True,HIGH,HIGH,Actual cases (13) are above the upper forecast limit (9). Expected value was approximately 6.,4,HIGH,True,Statistical anomaly detected for 4 consecutive weeks. Persistent high-level statistical signal requiring investigation.
TOTAL,2024-09-16,16.0,3.923036032694524,0.5601898096997862,7.285882255689263,0.95,12.076963967305476,12.076963967305476,307.8473882639934,True,False,True,HIGH,HIGH,Actual cases (16) are above the upper forecast limit (7). Expected value was approximately 4.,5,HIGH,True,Statistical anomaly detected for 5 consecutive weeks. Persistent high-level statistical signal requiring investigation.
TOTAL,2024-09-23,8.0,1.6376230950871633,0.0,5.000469403230589,0.95,6.3623769049128365,6.3623769049128365,388.51289554964393,True,False,True,HIGH,HIGH,Actual cases (8) are above the upper forecast limit (5). Expected value was approximately 2.,6,HIGH,True,Statistical anomaly detected for 6 consecutive weeks. Persistent high-level statistical signal requiring investigation.
TOTAL,2024-09-30,13.0,3.779256727194287,0.4164102634505715,7.142103190938003,0.95,9.220743272805713,9.220743272805713,243.98298232708777,True,False,True,HIGH,HIGH,Actual cases (13) are above the upper forecast limit (7). Expected value was approximately 4.,7,HIGH,True,Statistical anomaly detected for 7 consecutive weeks. Persistent high-level statistical signal requiring investigation.
TOTAL,2024-10-07,4.0,25.49899575191413,22.13614891915644,28.861842584671827,0.95,-21.49899575191413,21.49899575191413,-84.31310770464468,False,True,True,LOW,WARNING,Actual cases (4) are below the lower forecast limit (22). Expected value was approximately 25.,8,HIGH,True,Statistical anomaly detected for 8 consecutive weeks. Persistent high-level statistical signal requiring investigation.
TOTAL,2024-10-14,18.0,7.209445955828933,3.8465981991831018,10.572293712474764,0.95,10.790554044171069,10.790554044171069,149.67244515435698,True,False,True,HIGH,HIGH,Actual cases (18) are above the upper forecast limit (11). Expected value was approximately 7.,9,HIGH,True,Statistical anomaly detected for 9 consecutive weeks. Persistent high-level statistical signal requiring investigation.
TOTAL,2024-10-21,15.0,4.6376136450436345,1.2747635529691883,8.00046373711808,0.95,10.362386354956366,10.362386354956366,223.4422086029305,True,False,True,HIGH,HIGH,Actual cases (15) are above the upper forecast limit (8). Expected value was approximately 5.,10,HIGH,True,Statistical anomaly detected for 10 consecutive weeks. Persistent high-level statistical signal requiring investigation.
TOTAL,2024-10-28,10.0,11.780317486429386,8.417461479557126,15.143173493301646,0.95,-1.7803174864293858,1.7803174864293858,-15.112644361922031,False,False,False,NORMAL,NORMAL,Actual cases (10) are within the expected forecast interval (8–15).,0,NORMAL,False,No statistical anomaly detected.
TOTAL,2024-11-04,4.0,9.495967065858109,6.133096074903042,12.858838056813171,0.95,-5.495967065858109,5.495967065858109,-57.87685475045888,False,True,True,LOW,WARNING,Actual cases (4) are below the lower forecast limit (6). Expected value was approximately 9.,1,WATCH,False,Statistical anomaly detected for 1 consecutive week. Monitoring required.
TOTAL,2024-11-11,1.0,6.4955271946945565,3.132618254505587,9.858436134883526,0.95,-5.4955271946945565,5.4955271946945565,-84.60479080409695,False,True,True,LOW,WARNING,Actual cases (1) are below the lower forecast limit (3). Expected value was approximately 6.,2,WARNING,True,Statistical anomaly detected for 2 consecutive weeks. Persistent signal requiring investigation.
TOTAL,2024-11-18,1.0,3.9233376137896014,0.560332657672423,7.286342569906782,0.95,-2.923337613789601,2.923337613789601,-74.51149764717579,False,False,False,NORMAL,NORMAL,Actual cases (1) are within the expected forecast interval (1–7).,0,NORMAL,False,No statistical anomaly detected.
TOTAL,2024-11-25,12.0,1.781132602545911,0.0,5.144379854137787,0.95,10.218867397454089,10.218867397454089,573.7286141889418,True,False,True,HIGH,HIGH,Actual cases (12) are above the upper forecast limit (5). Expected value was approximately 2.,1,WATCH,False,Statistical anomaly detected for 1 consecutive week. Monitoring required.
TOTAL,2024-12-02,3.0,3.352142319048013,0.0,6.715996887673672,0.95,-0.3521423190480131,0.3521423190480131,-10.504993091940657,False,False,False,NORMAL,NORMAL,Actual cases (3) are within the expected forecast interval (0–7).,0,NORMAL,False,No statistical anomaly detected.
TOTAL,2024-12-09,11.0,1.5000208861324271,0.0,4.865371169698243,0.95,9.499979113867573,9.499979113867573,633.3231224774347,True,False,True,HIGH,HIGH,Actual cases (11) are above the upper forecast limit (5). Expected value was approximately 2.,1,WATCH,False,Statistical anomaly detected for 1 consecutive week. Monitoring required.
TOTAL,2024-12-16,1.0,1.6792661321855469,0.0,5.048128126664498,0.95,-0.6792661321855469,0.6792661321855469,-40.450177560687735,False,False,False,NORMAL,NORMAL,Actual cases (1) are within the expected forecast interval (0–5).,0,NORMAL,False,No statistical anomaly detected.
TOTAL,2024-12-23,1.0,1.8705548844730693,0.0,5.246530723194819,0.95,-0.8705548844730695,0.8705548844730695,-46.53992736055444,False,False,False,NORMAL,NORMAL,Actual cases (1) are within the expected forecast interval (0–5).,0,NORMAL,False,No statistical anomaly detected.
Total,2026-05-11,1.0,1.4214325127706322,0.0,7.767433296420945,0.95,-0.4214325127706322,0.4214325127706322,-29.648436277089445,False,False,False,NORMAL,NORMAL,Actual cases (1) are within the expected forecast interval (0–8).,0,NORMAL,False,No statistical anomaly detected.
Total,2026-05-18,1.0,1.397329302080259,0.0,7.83955366995708,0.95,-0.3973293020802591,0.3973293020802591,-28.434908041271257,False,False,False,NORMAL,NORMAL,Actual cases (1) are within the expected forecast interval (0–8).,0,NORMAL,False,No statistical anomaly detected.
Total,2026-05-25,1.0,1.3987078496483265,0.0,7.993172670874351,0.95,-0.3987078496483265,0.3987078496483265,-28.50544162947056,False,False,False,NORMAL,NORMAL,Actual cases (1) are within the expected forecast interval (0–8).,0,NORMAL,False,No statistical anomaly detected.
Total,2026-06-01,1.0,1.398629005654394,0.0,8.138340152715376,0.95,-0.3986290056543939,0.3986290056543939,-28.501411313708772,False,False,False,NORMAL,NORMAL,Actual cases (1) are within the expected forecast interval (0–8).,0,NORMAL,False,No statistical anomaly detected.
Total,2026-06-08,1.0,1.3986335150202824,0.0,8.280724348808716,0.95,-0.3986335150202824,0.3986335150202824,-28.50164183392256,False,False,False,NORMAL,NORMAL,Actual cases (1) are within the expected forecast interval (0–8).,0,NORMAL,False,No statistical anomaly detected.
Total,2026-06-15,1.0,1.3986332571137543,0.0,8.420206163320081,0.95,-0.3986332571137543,0.3986332571137543,-28.50162864969916,False,False,False,NORMAL,NORMAL,Actual cases (1) are within the expected forecast interval (0–8).,0,NORMAL,False,No statistical anomaly detected.
Total,2026-06-22,1.5,1.3986332718643375,0.0,8.55697154520853,0.95,0.1013667281356625,0.1013667281356625,7.247555894372769,False,False,False,NORMAL,NORMAL,Actual cases (2) are within the expected forecast interval (0–9).,0,NORMAL,False,No statistical anomaly detected.
Total,2026-06-29,2.0,1.3986332710207,0.0,8.691172409316735,0.95,0.6013667289793001,0.6013667289793001,42.996741278750825,False,False,False,NORMAL,NORMAL,Actual cases (2) are within the expected forecast interval (0–9).,0,NORMAL,False,No statistical anomaly detected.
Total,2026-07-06,2.0,1.3986332710689504,0.0,8.822947876521217,0.95,0.6013667289310496,0.6013667289310496,42.99674127381768,False,False,False,NORMAL,NORMAL,Actual cases (2) are within the expected forecast interval (0–9).,0,NORMAL,False,No statistical anomaly detected.
Total,2026-07-13,3.0,1.3986332710661908,0.0,8.95242487768431,0.95,1.6013667289338092,1.6013667289338092,114.49511191114972,False,False,False,NORMAL,NORMAL,Actual cases (3) are within the expected forecast interval (0–9).,0,NORMAL,False,No statistical anomaly detected.
Total,2026-07-20,3.0,1.3986332710663487,0.0,9.07971964682026,0.95,1.6013667289336513,1.6013667289336513,114.49511191112552,False,False,False,NORMAL,NORMAL,Actual cases (3) are within the expected forecast interval (0–9).,0,NORMAL,False,No statistical anomaly detected.
Total,2026-07-27,2.0,1.3986332710663396,0.0,9.20493893939402,0.95,0.6013667289336604,0.6013667289336604,42.9967412740846,False,False,False,NORMAL,NORMAL,Actual cases (2) are within the expected forecast interval (0–9).,0,NORMAL,False,No statistical anomaly detected.
Total,2026-08-03,15.0,1.39863327106634,0.0,9.328181080553192,0.95,13.60136672893366,13.60136672893366,972.4755595556342,True,False,True,HIGH,HIGH,Actual cases (15) are above the upper forecast limit (9). Expected value was approximately 1.,1,WATCH,False,Statistical anomaly detected for 1 consecutive week. Monitoring required.
Total,2026-08-10,23.0,1.39863327106634,0.0,9.449536868707447,0.95,21.60136672893366,21.60136672893366,1544.4625246519722,True,False,True,HIGH,HIGH,Actual cases (23) are above the upper forecast limit (9). Expected value was approximately 1.,2,WARNING,True,Statistical anomaly detected for 2 consecutive weeks. Persistent signal requiring investigation.
Total,2026-08-17,1.0,1.39863327106634,0.0,9.569090358285106,0.95,-0.39863327106634,0.39863327106634,-28.50162936295772,False,False,False,NORMAL,NORMAL,Actual cases (1) are within the expected forecast interval (0–10).,0,NORMAL,False,No statistical anomaly detected.
Total,2026-08-24,1.6666666666666663,1.39863327106634,0.0,9.686919540836238,0.95,0.2680333956003262,0.2680333956003262,19.1639510617371,False,False,False,NORMAL,NORMAL,Actual cases (2) are within the expected forecast interval (0–10).,0,NORMAL,False,No statistical anomaly detected.
Total,2026-08-31,2.333333333333333,1.39863327106634,0.0,9.80309694016677,0.95,0.934700062266993,0.934700062266993,66.82953148643196,False,False,False,NORMAL,NORMAL,Actual cases (2) are within the expected forecast interval (0–10).,0,NORMAL,False,No statistical anomaly detected.
Total,2026-09-07,3.0,1.39863327106634,0.0,9.917690134405255,0.95,1.60136672893366,1.60136672893366,114.49511191112684,False,False,False,NORMAL,NORMAL,Actual cases (3) are within the expected forecast interval (0–10).,0,NORMAL,False,No statistical anomaly detected.
US RESIDENTS,2024-05-27,2.0,1.4737582063348669,0.0,4.477277329880423,0.95,0.5262417936651331,0.5262417936651331,35.707471646509745,False,False,False,NORMAL,NORMAL,Actual cases (2) are within the expected forecast interval (0–4).,0,NORMAL,False,No statistical anomaly detected.
US RESIDENTS,2024-06-03,4.5,1.5865319448447004,0.0,4.864431722442277,0.95,2.9134680551553,2.9134680551553,183.637528675194,False,False,False,NORMAL,NORMAL,Actual cases (4) are within the expected forecast interval (0–5).,0,NORMAL,False,No statistical anomaly detected.
US RESIDENTS,2024-06-10,7.0,1.5568779781242463,0.0,4.894370332495641,0.95,5.4431220218757534,5.4431220218757534,349.6177669899167,True,False,True,HIGH,HIGH,Actual cases (7) are above the upper forecast limit (5). Expected value was approximately 2.,1,WATCH,False,Statistical anomaly detected for 1 consecutive week. Monitoring required.
US RESIDENTS,2024-06-17,3.0,1.4710288511632896,0.0,4.825117517594755,0.95,1.5289711488367104,1.5289711488367104,103.93889607451274,False,False,False,NORMAL,NORMAL,Actual cases (3) are within the expected forecast interval (0–5).,0,NORMAL,False,No statistical anomaly detected.
US RESIDENTS,2024-06-24,3.0,1.4854768156506415,0.0,4.845060491164744,0.95,1.5145231843493585,1.5145231843493585,101.95535658266026,False,False,False,NORMAL,NORMAL,Actual cases (3) are within the expected forecast interval (0–5).,0,NORMAL,False,No statistical anomaly detected.
US RESIDENTS,2024-07-01,2.0,3.3484617330986026,0.0,6.710050651501461,0.95,-1.3484617330986026,1.3484617330986026,-40.27108088975417,False,False,False,NORMAL,NORMAL,Actual cases (2) are within the expected forecast interval (0–7).,0,NORMAL,False,No statistical anomaly detected.
US RESIDENTS,2024-07-08,4.0,4.92257724553607,1.5602224405404117,8.28493205053173,0.95,-0.92257724553607,0.92257724553607,-18.74175253161723,False,False,False,NORMAL,NORMAL,Actual cases (4) are within the expected forecast interval (2–8).,0,NORMAL,False,No statistical anomaly detected.
US RESIDENTS,2024-07-15,3.0,6.780747880856731,3.418094826034905,10.143400935678558,0.95,-3.7807478808567314,3.7807478808567314,-55.75709268782079,False,True,True,LOW,WARNING,Actual cases (3) are below the lower forecast limit (3). Expected value was approximately 7.,1,WATCH,False,Statistical anomaly detected for 1 consecutive week. Monitoring required.
US RESIDENTS,2024-07-22,4.0,7.638380215905192,4.27561009719965,11.001150334610736,0.95,-3.638380215905192,3.638380215905192,-47.63287651391183,False,True,True,LOW,WATCH,Actual cases (4) are below the lower forecast limit (4). Expected value was approximately 8.,2,WARNING,True,Statistical anomaly detected for 2 consecutive weeks. Persistent signal requiring investigation.
US RESIDENTS,2024-07-29,7.0,12.78226408335273,9.419447871232428,16.145080295473033,0.95,-5.782264083352731,5.782264083352731,-45.23661884660474,False,True,True,LOW,WATCH,Actual cases (7) are below the lower forecast limit (9). Expected value was approximately 13.,3,HIGH,True,Statistical anomaly detected for 3 consecutive weeks. Persistent high-level statistical signal requiring investigation.
US RESIDENTS,2024-08-05,6.0,3.5662021942840045,0.2033678097037983,6.929036578864211,0.95,2.4337978057159955,2.4337978057159955,68.24620907970237,False,False,False,NORMAL,NORMAL,Actual cases (6) are within the expected forecast interval (0–7).,0,NORMAL,False,No statistical anomaly detected.
US RESIDENTS,2024-08-12,4.0,3.780298530870138,0.4174569775172507,7.143140084223026,0.95,0.2197014691298622,0.2197014691298622,5.811749186890062,False,False,False,NORMAL,NORMAL,Actual cases (4) are within the expected forecast interval (0–7).,0,NORMAL,False,No statistical anomaly detected.
US RESIDENTS,2024-08-19,14.0,5.352178759004072,1.9893343761062765,8.715023141901868,0.95,8.647821240995928,8.647821240995928,161.57571767287357,True,False,True,HIGH,HIGH,Actual cases (14) are above the upper forecast limit (9). Expected value was approximately 5.,1,WATCH,False,Statistical anomaly detected for 1 consecutive week. Monitoring required.
US RESIDENTS,2024-08-26,7.0,1.6375753535155089,0.0,5.000420854847799,0.95,5.362424646484492,5.362424646484492,327.46124536941534,True,False,True,HIGH,HIGH,Actual cases (7) are above the upper forecast limit (5). Expected value was approximately 2.,2,WARNING,True,Statistical anomaly detected for 2 consecutive weeks. Persistent signal requiring investigation.
US RESIDENTS,2024-09-02,6.0,27.49899234738778,24.136146400852947,30.861838293922613,0.95,-21.49899234738778,21.49899234738778,-78.18101869259962,False,True,True,LOW,WARNING,Actual cases (6) are below the lower forecast limit (24). Expected value was approximately 27.,3,HIGH,True,Statistical anomaly detected for 3 consecutive weeks. Persistent high-level statistical signal requiring investigation.
US RESIDENTS,2024-09-09,13.0,5.636546568253586,2.273700437699814,8.999392698807357,0.95,7.363453431746414,7.363453431746414,130.63767579281952,True,False,True,HIGH,HIGH,Actual cases (13) are above the upper forecast limit (9). Expected value was approximately 6.,4,HIGH,True,Statistical anomaly detected for 4 consecutive weeks. Persistent high-level statistical signal requiring investigation.
US RESIDENTS,2024-09-16,15.0,3.923036032694524,0.5601898096997862,7.285882255689263,0.95,11.076963967305476,11.076963967305476,282.3569264974938,True,False,True,HIGH,HIGH,Actual cases (15) are above the upper forecast limit (7). Expected value was approximately 4.,5,HIGH,True,Statistical anomaly detected for 5 consecutive weeks. Persistent high-level statistical signal requiring investigation.
US RESIDENTS,2024-09-23,8.0,1.6376230950871633,0.0,5.000469403230589,0.95,6.3623769049128365,6.3623769049128365,388.51289554964393,True,False,True,HIGH,HIGH,Actual cases (8) are above the upper forecast limit (5). Expected value was approximately 2.,6,HIGH,True,Statistical anomaly detected for 6 consecutive weeks. Persistent high-level statistical signal requiring investigation.
US RESIDENTS,2024-09-30,12.0,3.779256727194287,0.4164102634505715,7.142103190938003,0.95,8.220743272805713,8.220743272805713,217.52275291731175,True,False,True,HIGH,HIGH,Actual cases (12) are above the upper forecast limit (7). Expected value was approximately 4.,7,HIGH,True,Statistical anomaly detected for 7 consecutive weeks. Persistent high-level statistical signal requiring investigation.
US RESIDENTS,2024-10-07,4.0,25.49899575191413,22.13614891915644,28.861842584671827,0.95,-21.49899575191413,21.49899575191413,-84.31310770464468,False,True,True,LOW,WARNING,Actual cases (4) are below the lower forecast limit (22). Expected value was approximately 25.,8,HIGH,True,Statistical anomaly detected for 8 consecutive weeks. Persistent high-level statistical signal requiring investigation.
US RESIDENTS,2024-10-14,18.0,7.209445955828933,3.8465981991831018,10.572293712474764,0.95,10.790554044171069,10.790554044171069,149.67244515435698,True,False,True,HIGH,HIGH,Actual cases (18) are above the upper forecast limit (11). Expected value was approximately 7.,9,HIGH,True,Statistical anomaly detected for 9 consecutive weeks. Persistent high-level statistical signal requiring investigation.
US RESIDENTS,2024-10-21,15.0,4.6376136450436345,1.2747635529691883,8.00046373711808,0.95,10.362386354956366,10.362386354956366,223.4422086029305,True,False,True,HIGH,HIGH,Actual cases (15) are above the upper forecast limit (8). Expected value was approximately 5.,10,HIGH,True,Statistical anomaly detected for 10 consecutive weeks. Persistent high-level statistical signal requiring investigation.
US RESIDENTS,2024-10-28,10.0,11.780317486429386,8.417461479557126,15.143173493301646,0.95,-1.7803174864293858,1.7803174864293858,-15.112644361922031,False,False,False,NORMAL,NORMAL,Actual cases (10) are within the expected forecast interval (8–15).,0,NORMAL,False,No statistical anomaly detected.
US RESIDENTS,2024-11-04,4.0,9.495967065858109,6.133096074903042,12.858838056813171,0.95,-5.495967065858109,5.495967065858109,-57.87685475045888,False,True,True,LOW,WARNING,Actual cases (4) are below the lower forecast limit (6). Expected value was approximately 9.,1,WATCH,False,Statistical anomaly detected for 1 consecutive week. Monitoring required.
US RESIDENTS,2024-11-11,1.0,6.4955271946945565,3.132618254505587,9.858436134883526,0.95,-5.4955271946945565,5.4955271946945565,-84.60479080409695,False,True,True,LOW,WARNING,Actual cases (1) are below the lower forecast limit (3). Expected value was approximately 6.,2,WARNING,True,Statistical anomaly detected for 2 consecutive weeks. Persistent signal requiring investigation.
US RESIDENTS,2024-11-18,1.0,3.9233376137896014,0.560332657672423,7.286342569906782,0.95,-2.923337613789601,2.923337613789601,-74.51149764717579,False,False,False,NORMAL,NORMAL,Actual cases (1) are within the expected forecast interval (1–7).,0,NORMAL,False,No statistical anomaly detected.
US RESIDENTS,2024-11-25,10.0,1.781132602545911,0.0,5.144379854137787,0.95,8.218867397454089,8.218867397454089,461.4405118241182,True,False,True,HIGH,HIGH,Actual cases (10) are above the upper forecast limit (5). Expected value was approximately 2.,1,WATCH,False,Statistical anomaly detected for 1 consecutive week. Monitoring required.
US RESIDENTS,2024-12-02,2.0,3.352142319048013,0.0,6.715996887673672,0.95,-1.352142319048013,1.352142319048013,-40.33666206129377,False,False,False,NORMAL,NORMAL,Actual cases (2) are within the expected forecast interval (0–7).,0,NORMAL,False,No statistical anomaly detected.
US RESIDENTS,2024-12-09,11.0,1.5000208861324271,0.0,4.865371169698243,0.95,9.499979113867573,9.499979113867573,633.3231224774347,True,False,True,HIGH,HIGH,Actual cases (11) are above the upper forecast limit (5). Expected value was approximately 2.,1,WATCH,False,Statistical anomaly detected for 1 consecutive week. Monitoring required.
US RESIDENTS,2024-12-16,1.0,1.6792661321855469,0.0,5.048128126664498,0.95,-0.6792661321855469,0.6792661321855469,-40.450177560687735,False,False,False,NORMAL,NORMAL,Actual cases (1) are within the expected forecast interval (0–5).,0,NORMAL,False,No statistical anomaly detected.
US RESIDENTS,2024-12-23,1.0,1.8705548844730693,0.0,5.246530723194819,0.95,-0.8705548844730695,0.8705548844730695,-46.53992736055444,False,False,False,NORMAL,NORMAL,Actual cases (1) are within the expected forecast interval (0–5).,0,NORMAL,False,No statistical anomaly detected.
