Reporting Area,Current MMWR Year,MMWR WEEK,Label,Current week,"Current week, flag",date
FLORIDA,2022,1,"Dengue virus infections, Dengue",,-,2022-01-03
FLORIDA,2022,2,"Dengue virus infections, Dengue",2.0,-,2022-01-10
FLORIDA,2022,3,"Dengue virus infections, Dengue",,-,2022-01-17
FLORIDA,2022,4,"Dengue virus infections, Dengue",,-,2022-01-24
FLORIDA,2022,5,"Dengue virus infections, Dengue",,-,2022-01-31
FLORIDA,2022,6,"Dengue virus infections, Dengue",,-,2022-02-07
FLORIDA,2022,7,"Dengue virus infections, Dengue",,-,2022-02-14
FLORIDA,2022,8,"Dengue virus infections, Dengue",1.0,-,2022-02-21
FLORIDA,2022,9,"Dengue virus infections, Dengue",,-,2022-02-28
FLORIDA,2022,10,"Dengue virus infections, Dengue",,-,2022-03-07
FLORIDA,2022,11,"Dengue virus infections, Dengue",3.0,-,2022-03-14
FLORIDA,2022,12,"Dengue virus infections, Dengue",,-,2022-03-21
FLORIDA,2022,13,"Dengue virus infections, Dengue",,-,2022-03-28
FLORIDA,2022,14,"Dengue virus infections, Dengue",,-,2022-04-04
FLORIDA,2022,15,"Dengue virus infections, Dengue",,-,2022-04-11
FLORIDA,2022,16,"Dengue virus infections, Dengue",,-,2022-04-18
FLORIDA,2022,17,"Dengue virus infections, Dengue",,-,2022-04-25
FLORIDA,2022,18,"Dengue virus infections, Dengue",,-,2022-05-02
FLORIDA,2022,19,"Dengue virus infections, Dengue",,-,2022-05-09
FLORIDA,2022,20,"Dengue virus infections, Dengue",,-,2022-05-16
FLORIDA,2022,21,"Dengue virus infections, Dengue",,-,2022-05-23
FLORIDA,2022,22,"Dengue virus infections, Dengue",,-,2022-05-30
FLORIDA,2022,23,"Dengue virus infections, Dengue",,-,2022-06-06
FLORIDA,2022,24,"Dengue virus infections, Dengue",,-,2022-06-13
FLORIDA,2022,25,"Dengue virus infections, Dengue",,-,2022-06-20
FLORIDA,2022,26,"Dengue virus infections, Dengue",1.0,-,2022-06-27
FLORIDA,2022,27,"Dengue virus infections, Dengue",,-,2022-07-04
FLORIDA,2022,28,"Dengue virus infections, Dengue",,-,2022-07-11
FLORIDA,2022,29,"Dengue virus infections, Dengue",7.0,-,2022-07-18
FLORIDA,2022,30,"Dengue virus infections, Dengue",8.0,-,2022-07-25
FLORIDA,2022,31,"Dengue virus infections, Dengue",14.0,-,2022-08-01
FLORIDA,2022,32,"Dengue virus infections, Dengue",3.0,-,2022-08-08
FLORIDA,2022,33,"Dengue virus infections, Dengue",1.0,-,2022-08-15
FLORIDA,2022,34,"Dengue virus infections, Dengue",4.0,-,2022-08-22
FLORIDA,2022,35,"Dengue virus infections, Dengue",,-,2022-08-29
FLORIDA,2022,36,"Dengue virus infections, Dengue",28.0,-,2022-09-05
FLORIDA,2022,37,"Dengue virus infections, Dengue",2.0,-,2022-09-12
FLORIDA,2022,38,"Dengue virus infections, Dengue",1.0,-,2022-09-19
FLORIDA,2022,39,"Dengue virus infections, Dengue",,-,2022-09-26
FLORIDA,2022,40,"Dengue virus infections, Dengue",1.0,-,2022-10-03
FLORIDA,2022,41,"Dengue virus infections, Dengue",27.0,-,2022-10-10
FLORIDA,2022,42,"Dengue virus infections, Dengue",2.0,-,2022-10-17
FLORIDA,2022,43,"Dengue virus infections, Dengue",,-,2022-10-24
FLORIDA,2022,44,"Dengue virus infections, Dengue",9.0,-,2022-10-31
FLORIDA,2022,45,"Dengue virus infections, Dengue",10.0,-,2022-11-07
FLORIDA,2022,46,"Dengue virus infections, Dengue",,-,2022-11-14
FLORIDA,2022,47,"Dengue virus infections, Dengue",3.0,-,2022-11-21
FLORIDA,2022,48,"Dengue virus infections, Dengue",,-,2022-11-28
FLORIDA,2022,49,"Dengue virus infections, Dengue",,-,2022-12-05
FLORIDA,2022,50,"Dengue virus infections, Dengue",1.0,-,2022-12-12
FLORIDA,2022,51,"Dengue virus infections, Dengue",,-,2022-12-19
FLORIDA,2022,52,"Dengue virus infections, Dengue",,-,2022-12-26
FLORIDA,2023,1,"Dengue virus infections, Dengue",,-,2023-01-02
FLORIDA,2023,2,"Dengue virus infections, Dengue",,-,2023-01-09
FLORIDA,2023,3,"Dengue virus infections, Dengue",,-,2023-01-16
FLORIDA,2023,4,"Dengue virus infections, Dengue",2.0,-,2023-01-23
FLORIDA,2023,5,"Dengue virus infections, Dengue",,-,2023-01-30
FLORIDA,2023,6,"Dengue virus infections, Dengue",,-,2023-02-06
FLORIDA,2023,7,"Dengue virus infections, Dengue",1.0,-,2023-02-13
FLORIDA,2023,8,"Dengue virus infections, Dengue",,-,2023-02-20
FLORIDA,2023,9,"Dengue virus infections, Dengue",,-,2023-02-27
FLORIDA,2023,10,"Dengue virus infections, Dengue",,-,2023-03-06
FLORIDA,2023,11,"Dengue virus infections, Dengue",,-,2023-03-13
FLORIDA,2023,12,"Dengue virus infections, Dengue",,-,2023-03-20
FLORIDA,2023,13,"Dengue virus infections, Dengue",,-,2023-03-27
FLORIDA,2023,14,"Dengue virus infections, Dengue",,-,2023-04-03
FLORIDA,2023,15,"Dengue virus infections, Dengue",,-,2023-04-10
FLORIDA,2023,16,"Dengue virus infections, Dengue",,-,2023-04-17
FLORIDA,2023,17,"Dengue virus infections, Dengue",,-,2023-04-24
FLORIDA,2023,18,"Dengue virus infections, Dengue",,-,2023-05-01
FLORIDA,2023,19,"Dengue virus infections, Dengue",,-,2023-05-08
FLORIDA,2023,20,"Dengue virus infections, Dengue",,-,2023-05-15
FLORIDA,2023,21,"Dengue virus infections, Dengue",1.0,-,2023-05-22
FLORIDA,2023,22,"Dengue virus infections, Dengue",,-,2023-05-29
FLORIDA,2023,23,"Dengue virus infections, Dengue",,-,2023-06-05
FLORIDA,2023,24,"Dengue virus infections, Dengue",,-,2023-06-12
FLORIDA,2023,25,"Dengue virus infections, Dengue",,-,2023-06-19
FLORIDA,2023,26,"Dengue virus infections, Dengue",,-,2023-06-26
FLORIDA,2023,27,"Dengue virus infections, Dengue",,-,2023-07-03
FLORIDA,2023,28,"Dengue virus infections, Dengue",,-,2023-07-10
FLORIDA,2023,29,"Dengue virus infections, Dengue",,-,2023-07-17
FLORIDA,2023,30,"Dengue virus infections, Dengue",,-,2023-07-24
FLORIDA,2023,31,"Dengue virus infections, Dengue",,-,2023-07-31
FLORIDA,2023,32,"Dengue virus infections, Dengue",,-,2023-08-07
FLORIDA,2023,33,"Dengue virus infections, Dengue",,-,2023-08-14
FLORIDA,2023,34,"Dengue virus infections, Dengue",3.0,-,2023-08-21
FLORIDA,2023,35,"Dengue virus infections, Dengue",,-,2023-08-28
FLORIDA,2023,36,"Dengue virus infections, Dengue",,-,2023-09-04
FLORIDA,2023,37,"Dengue virus infections, Dengue",,-,2023-09-11
FLORIDA,2023,38,"Dengue virus infections, Dengue",,-,2023-09-18
FLORIDA,2023,39,"Dengue virus infections, Dengue",1.0,-,2023-09-25
FLORIDA,2023,40,"Dengue virus infections, Dengue",10.0,-,2023-10-02
FLORIDA,2023,41,"Dengue virus infections, Dengue",1.0,-,2023-10-09
FLORIDA,2023,42,"Dengue virus infections, Dengue",1.0,-,2023-10-16
FLORIDA,2023,43,"Dengue virus infections, Dengue",,-,2023-10-23
FLORIDA,2023,44,"Dengue virus infections, Dengue",3.0,-,2023-10-30
FLORIDA,2023,45,"Dengue virus infections, Dengue",,-,2023-11-06
FLORIDA,2023,46,"Dengue virus infections, Dengue",1.0,-,2023-11-13
FLORIDA,2023,47,"Dengue virus infections, Dengue",6.0,-,2023-11-20
FLORIDA,2023,48,"Dengue virus infections, Dengue",1.0,-,2023-11-27
FLORIDA,2023,49,"Dengue virus infections, Dengue",13.0,-,2023-12-04
FLORIDA,2023,50,"Dengue virus infections, Dengue",,-,2023-12-11
FLORIDA,2023,51,"Dengue virus infections, Dengue",,-,2023-12-18
FLORIDA,2023,52,"Dengue virus infections, Dengue",,-,2023-12-25
FLORIDA,2024,1,"Dengue virus infections, Dengue",,-,2024-01-01
FLORIDA,2024,2,"Dengue virus infections, Dengue",,-,2024-01-08
FLORIDA,2024,3,"Dengue virus infections, Dengue",1.0,-,2024-01-15
FLORIDA,2024,4,"Dengue virus infections, Dengue",,-,2024-01-22
FLORIDA,2024,5,"Dengue virus infections, Dengue",,-,2024-01-29
FLORIDA,2024,6,"Dengue virus infections, Dengue",,-,2024-02-05
FLORIDA,2024,7,"Dengue virus infections, Dengue",1.0,-,2024-02-12
FLORIDA,2024,8,"Dengue virus infections, Dengue",,-,2024-02-19
FLORIDA,2024,9,"Dengue virus infections, Dengue",,-,2024-02-26
FLORIDA,2024,10,"Dengue virus infections, Dengue",,-,2024-03-04
FLORIDA,2024,11,"Dengue virus infections, Dengue",,-,2024-03-11
FLORIDA,2024,12,"Dengue virus infections, Dengue",,-,2024-03-18
FLORIDA,2024,13,"Dengue virus infections, Dengue",,-,2024-03-25
FLORIDA,2024,14,"Dengue virus infections, Dengue",,-,2024-04-01
FLORIDA,2024,15,"Dengue virus infections, Dengue",2.0,-,2024-04-08
FLORIDA,2024,16,"Dengue virus infections, Dengue",,-,2024-04-15
FLORIDA,2024,17,"Dengue virus infections, Dengue",,-,2024-04-22
FLORIDA,2024,18,"Dengue virus infections, Dengue",,-,2024-04-29
FLORIDA,2024,19,"Dengue virus infections, Dengue",4.0,-,2024-05-06
FLORIDA,2024,20,"Dengue virus infections, Dengue",,-,2024-05-13
FLORIDA,2024,21,"Dengue virus infections, Dengue",,-,2024-05-20
FLORIDA,2024,22,"Dengue virus infections, Dengue",,-,2024-05-27
FLORIDA,2024,23,"Dengue virus infections, Dengue",,-,2024-06-03
FLORIDA,2024,24,"Dengue virus infections, Dengue",4.0,-,2024-06-10
FLORIDA,2024,25,"Dengue virus infections, Dengue",,-,2024-06-17
FLORIDA,2024,26,"Dengue virus infections, Dengue",,-,2024-06-24
FLORIDA,2024,27,"Dengue virus infections, Dengue",1.0,-,2024-07-01
FLORIDA,2024,28,"Dengue virus infections, Dengue",4.0,-,2024-07-08
FLORIDA,2024,29,"Dengue virus infections, Dengue",1.0,-,2024-07-15
FLORIDA,2024,30,"Dengue virus infections, Dengue",,-,2024-07-22
FLORIDA,2024,31,"Dengue virus infections, Dengue",,-,2024-07-29
FLORIDA,2024,32,"Dengue virus infections, Dengue",,-,2024-08-05
FLORIDA,2024,33,"Dengue virus infections, Dengue",1.0,-,2024-08-12
FLORIDA,2024,34,"Dengue virus infections, Dengue",1.0,-,2024-08-19
FLORIDA,2024,35,"Dengue virus infections, Dengue",,-,2024-08-26
FLORIDA,2024,36,"Dengue virus infections, Dengue",,-,2024-09-02
FLORIDA,2024,37,"Dengue virus infections, Dengue",,-,2024-09-09
FLORIDA,2024,38,"Dengue virus infections, Dengue",6.0,-,2024-09-16
FLORIDA,2024,39,"Dengue virus infections, Dengue",4.0,-,2024-09-23
FLORIDA,2024,40,"Dengue virus infections, Dengue",6.0,-,2024-09-30
FLORIDA,2024,41,"Dengue virus infections, Dengue",1.0,-,2024-10-07
FLORIDA,2024,42,"Dengue virus infections, Dengue",15.0,-,2024-10-14
FLORIDA,2024,43,"Dengue virus infections, Dengue",12.0,-,2024-10-21
FLORIDA,2024,44,"Dengue virus infections, Dengue",8.0,-,2024-10-28
FLORIDA,2024,45,"Dengue virus infections, Dengue",,-,2024-11-04
FLORIDA,2024,46,"Dengue virus infections, Dengue",,-,2024-11-11
FLORIDA,2024,47,"Dengue virus infections, Dengue",,-,2024-11-18
FLORIDA,2024,48,"Dengue virus infections, Dengue",7.0,-,2024-11-25
FLORIDA,2024,49,"Dengue virus infections, Dengue",,-,2024-12-02
FLORIDA,2024,50,"Dengue virus infections, Dengue",8.0,-,2024-12-09
FLORIDA,2024,51,"Dengue virus infections, Dengue",,-,2024-12-16
FLORIDA,2024,52,"Dengue virus infections, Dengue",,-,2024-12-23
SOUTH ATLANTIC,2022,1,"Dengue virus infections, Dengue",,-,2022-01-03
SOUTH ATLANTIC,2022,2,"Dengue virus infections, Dengue",2.0,-,2022-01-10
SOUTH ATLANTIC,2022,3,"Dengue virus infections, Dengue",,-,2022-01-17
SOUTH ATLANTIC,2022,4,"Dengue virus infections, Dengue",,-,2022-01-24
SOUTH ATLANTIC,2022,5,"Dengue virus infections, Dengue",,-,2022-01-31
SOUTH ATLANTIC,2022,6,"Dengue virus infections, Dengue",,-,2022-02-07
SOUTH ATLANTIC,2022,7,"Dengue virus infections, Dengue",,-,2022-02-14
SOUTH ATLANTIC,2022,8,"Dengue virus infections, Dengue",1.0,-,2022-02-21
SOUTH ATLANTIC,2022,9,"Dengue virus infections, Dengue",,-,2022-02-28
SOUTH ATLANTIC,2022,10,"Dengue virus infections, Dengue",,-,2022-03-07
SOUTH ATLANTIC,2022,11,"Dengue virus infections, Dengue",3.0,-,2022-03-14
SOUTH ATLANTIC,2022,12,"Dengue virus infections, Dengue",,-,2022-03-21
SOUTH ATLANTIC,2022,13,"Dengue virus infections, Dengue",,-,2022-03-28
SOUTH ATLANTIC,2022,14,"Dengue virus infections, Dengue",,-,2022-04-04
SOUTH ATLANTIC,2022,15,"Dengue virus infections, Dengue",,-,2022-04-11
SOUTH ATLANTIC,2022,16,"Dengue virus infections, Dengue",,-,2022-04-18
SOUTH ATLANTIC,2022,17,"Dengue virus infections, Dengue",,-,2022-04-25
SOUTH ATLANTIC,2022,18,"Dengue virus infections, Dengue",,-,2022-05-02
SOUTH ATLANTIC,2022,19,"Dengue virus infections, Dengue",,-,2022-05-09
SOUTH ATLANTIC,2022,20,"Dengue virus infections, Dengue",,-,2022-05-16
SOUTH ATLANTIC,2022,21,"Dengue virus infections, Dengue",,-,2022-05-23
SOUTH ATLANTIC,2022,22,"Dengue virus infections, Dengue",,-,2022-05-30
SOUTH ATLANTIC,2022,23,"Dengue virus infections, Dengue",,-,2022-06-06
SOUTH ATLANTIC,2022,24,"Dengue virus infections, Dengue",,-,2022-06-13
SOUTH ATLANTIC,2022,25,"Dengue virus infections, Dengue",1.0,-,2022-06-20
SOUTH ATLANTIC,2022,26,"Dengue virus infections, Dengue",1.0,-,2022-06-27
SOUTH ATLANTIC,2022,27,"Dengue virus infections, Dengue",,-,2022-07-04
SOUTH ATLANTIC,2022,28,"Dengue virus infections, Dengue",,-,2022-07-11
SOUTH ATLANTIC,2022,29,"Dengue virus infections, Dengue",7.0,-,2022-07-18
SOUTH ATLANTIC,2022,30,"Dengue virus infections, Dengue",8.0,-,2022-07-25
SOUTH ATLANTIC,2022,31,"Dengue virus infections, Dengue",14.0,-,2022-08-01
SOUTH ATLANTIC,2022,32,"Dengue virus infections, Dengue",3.0,-,2022-08-08
SOUTH ATLANTIC,2022,33,"Dengue virus infections, Dengue",2.0,-,2022-08-15
SOUTH ATLANTIC,2022,34,"Dengue virus infections, Dengue",4.0,-,2022-08-22
SOUTH ATLANTIC,2022,35,"Dengue virus infections, Dengue",,-,2022-08-29
SOUTH ATLANTIC,2022,36,"Dengue virus infections, Dengue",30.0,-,2022-09-05
SOUTH ATLANTIC,2022,37,"Dengue virus infections, Dengue",3.0,-,2022-09-12
SOUTH ATLANTIC,2022,38,"Dengue virus infections, Dengue",3.0,-,2022-09-19
SOUTH ATLANTIC,2022,39,"Dengue virus infections, Dengue",1.0,-,2022-09-26
SOUTH ATLANTIC,2022,40,"Dengue virus infections, Dengue",1.0,-,2022-10-03
SOUTH ATLANTIC,2022,41,"Dengue virus infections, Dengue",27.0,-,2022-10-10
SOUTH ATLANTIC,2022,42,"Dengue virus infections, Dengue",3.0,-,2022-10-17
SOUTH ATLANTIC,2022,43,"Dengue virus infections, Dengue",3.0,-,2022-10-24
SOUTH ATLANTIC,2022,44,"Dengue virus infections, Dengue",10.0,-,2022-10-31
SOUTH ATLANTIC,2022,45,"Dengue virus infections, Dengue",10.0,-,2022-11-07
SOUTH ATLANTIC,2022,46,"Dengue virus infections, Dengue",,-,2022-11-14
SOUTH ATLANTIC,2022,47,"Dengue virus infections, Dengue",3.0,-,2022-11-21
SOUTH ATLANTIC,2022,48,"Dengue virus infections, Dengue",1.0,-,2022-11-28
SOUTH ATLANTIC,2022,49,"Dengue virus infections, Dengue",1.0,-,2022-12-05
SOUTH ATLANTIC,2022,50,"Dengue virus infections, Dengue",1.0,-,2022-12-12
SOUTH ATLANTIC,2022,51,"Dengue virus infections, Dengue",,-,2022-12-19
SOUTH ATLANTIC,2022,52,"Dengue virus infections, Dengue",,-,2022-12-26
SOUTH ATLANTIC,2023,1,"Dengue virus infections, Dengue",,-,2023-01-02
SOUTH ATLANTIC,2023,2,"Dengue virus infections, Dengue",,-,2023-01-09
SOUTH ATLANTIC,2023,3,"Dengue virus infections, Dengue",,-,2023-01-16
SOUTH ATLANTIC,2023,4,"Dengue virus infections, Dengue",2.0,-,2023-01-23
SOUTH ATLANTIC,2023,5,"Dengue virus infections, Dengue",,-,2023-01-30
SOUTH ATLANTIC,2023,6,"Dengue virus infections, Dengue",,-,2023-02-06
SOUTH ATLANTIC,2023,7,"Dengue virus infections, Dengue",1.0,-,2023-02-13
SOUTH ATLANTIC,2023,8,"Dengue virus infections, Dengue",,-,2023-02-20
SOUTH ATLANTIC,2023,9,"Dengue virus infections, Dengue",,-,2023-02-27
SOUTH ATLANTIC,2023,10,"Dengue virus infections, Dengue",,-,2023-03-06
SOUTH ATLANTIC,2023,11,"Dengue virus infections, Dengue",,-,2023-03-13
SOUTH ATLANTIC,2023,12,"Dengue virus infections, Dengue",,-,2023-03-20
SOUTH ATLANTIC,2023,13,"Dengue virus infections, Dengue",,-,2023-03-27
SOUTH ATLANTIC,2023,14,"Dengue virus infections, Dengue",,-,2023-04-03
SOUTH ATLANTIC,2023,15,"Dengue virus infections, Dengue",,-,2023-04-10
SOUTH ATLANTIC,2023,16,"Dengue virus infections, Dengue",,-,2023-04-17
SOUTH ATLANTIC,2023,17,"Dengue virus infections, Dengue",,-,2023-04-24
SOUTH ATLANTIC,2023,18,"Dengue virus infections, Dengue",,-,2023-05-01
SOUTH ATLANTIC,2023,19,"Dengue virus infections, Dengue",,-,2023-05-08
SOUTH ATLANTIC,2023,20,"Dengue virus infections, Dengue",,-,2023-05-15
SOUTH ATLANTIC,2023,21,"Dengue virus infections, Dengue",1.0,-,2023-05-22
SOUTH ATLANTIC,2023,22,"Dengue virus infections, Dengue",,-,2023-05-29
SOUTH ATLANTIC,2023,23,"Dengue virus infections, Dengue",,-,2023-06-05
SOUTH ATLANTIC,2023,24,"Dengue virus infections, Dengue",1.0,-,2023-06-12
SOUTH ATLANTIC,2023,25,"Dengue virus infections, Dengue",,-,2023-06-19
SOUTH ATLANTIC,2023,26,"Dengue virus infections, Dengue",1.0,-,2023-06-26
SOUTH ATLANTIC,2023,27,"Dengue virus infections, Dengue",1.0,-,2023-07-03
SOUTH ATLANTIC,2023,28,"Dengue virus infections, Dengue",,-,2023-07-10
SOUTH ATLANTIC,2023,29,"Dengue virus infections, Dengue",,-,2023-07-17
SOUTH ATLANTIC,2023,30,"Dengue virus infections, Dengue",,-,2023-07-24
SOUTH ATLANTIC,2023,31,"Dengue virus infections, Dengue",2.0,-,2023-07-31
SOUTH ATLANTIC,2023,32,"Dengue virus infections, Dengue",,-,2023-08-07
SOUTH ATLANTIC,2023,33,"Dengue virus infections, Dengue",1.0,-,2023-08-14
SOUTH ATLANTIC,2023,34,"Dengue virus infections, Dengue",3.0,-,2023-08-21
SOUTH ATLANTIC,2023,35,"Dengue virus infections, Dengue",2.0,-,2023-08-28
SOUTH ATLANTIC,2023,36,"Dengue virus infections, Dengue",,-,2023-09-04
SOUTH ATLANTIC,2023,37,"Dengue virus infections, Dengue",9.0,-,2023-09-11
SOUTH ATLANTIC,2023,38,"Dengue virus infections, Dengue",2.0,-,2023-09-18
SOUTH ATLANTIC,2023,39,"Dengue virus infections, Dengue",1.0,-,2023-09-25
SOUTH ATLANTIC,2023,40,"Dengue virus infections, Dengue",10.0,-,2023-10-02
SOUTH ATLANTIC,2023,41,"Dengue virus infections, Dengue",1.0,-,2023-10-09
SOUTH ATLANTIC,2023,42,"Dengue virus infections, Dengue",2.0,-,2023-10-16
SOUTH ATLANTIC,2023,43,"Dengue virus infections, Dengue",,-,2023-10-23
SOUTH ATLANTIC,2023,44,"Dengue virus infections, Dengue",5.0,-,2023-10-30
SOUTH ATLANTIC,2023,45,"Dengue virus infections, Dengue",,-,2023-11-06
SOUTH ATLANTIC,2023,46,"Dengue virus infections, Dengue",1.0,-,2023-11-13
SOUTH ATLANTIC,2023,47,"Dengue virus infections, Dengue",6.0,-,2023-11-20
SOUTH ATLANTIC,2023,48,"Dengue virus infections, Dengue",1.0,-,2023-11-27
SOUTH ATLANTIC,2023,49,"Dengue virus infections, Dengue",13.0,-,2023-12-04
SOUTH ATLANTIC,2023,50,"Dengue virus infections, Dengue",,-,2023-12-11
SOUTH ATLANTIC,2023,51,"Dengue virus infections, Dengue",,-,2023-12-18
SOUTH ATLANTIC,2023,52,"Dengue virus infections, Dengue",,-,2023-12-25
SOUTH ATLANTIC,2024,1,"Dengue virus infections, Dengue",,-,2024-01-01
SOUTH ATLANTIC,2024,2,"Dengue virus infections, Dengue",,-,2024-01-08
SOUTH ATLANTIC,2024,3,"Dengue virus infections, Dengue",2.0,-,2024-01-15
SOUTH ATLANTIC,2024,4,"Dengue virus infections, Dengue",1.0,-,2024-01-22
SOUTH ATLANTIC,2024,5,"Dengue virus infections, Dengue",,-,2024-01-29
SOUTH ATLANTIC,2024,6,"Dengue virus infections, Dengue",,-,2024-02-05
SOUTH ATLANTIC,2024,7,"Dengue virus infections, Dengue",1.0,-,2024-02-12
SOUTH ATLANTIC,2024,8,"Dengue virus infections, Dengue",,-,2024-02-19
SOUTH ATLANTIC,2024,9,"Dengue virus infections, Dengue",1.0,-,2024-02-26
SOUTH ATLANTIC,2024,10,"Dengue virus infections, Dengue",,-,2024-03-04
SOUTH ATLANTIC,2024,11,"Dengue virus infections, Dengue",,-,2024-03-11
SOUTH ATLANTIC,2024,12,"Dengue virus infections, Dengue",2.0,-,2024-03-18
SOUTH ATLANTIC,2024,13,"Dengue virus infections, Dengue",2.0,-,2024-03-25
SOUTH ATLANTIC,2024,14,"Dengue virus infections, Dengue",,-,2024-04-01
SOUTH ATLANTIC,2024,15,"Dengue virus infections, Dengue",2.0,-,2024-04-08
SOUTH ATLANTIC,2024,16,"Dengue virus infections, Dengue",,-,2024-04-15
SOUTH ATLANTIC,2024,17,"Dengue virus infections, Dengue",,-,2024-04-22
SOUTH ATLANTIC,2024,18,"Dengue virus infections, Dengue",1.0,-,2024-04-29
SOUTH ATLANTIC,2024,19,"Dengue virus infections, Dengue",4.0,-,2024-05-06
SOUTH ATLANTIC,2024,20,"Dengue virus infections, Dengue",2.0,-,2024-05-13
SOUTH ATLANTIC,2024,21,"Dengue virus infections, Dengue",,-,2024-05-20
SOUTH ATLANTIC,2024,22,"Dengue virus infections, Dengue",1.0,-,2024-05-27
SOUTH ATLANTIC,2024,23,"Dengue virus infections, Dengue",,-,2024-06-03
SOUTH ATLANTIC,2024,24,"Dengue virus infections, Dengue",4.0,-,2024-06-10
SOUTH ATLANTIC,2024,25,"Dengue virus infections, Dengue",,-,2024-06-17
SOUTH ATLANTIC,2024,26,"Dengue virus infections, Dengue",,-,2024-06-24
SOUTH ATLANTIC,2024,27,"Dengue virus infections, Dengue",2.0,-,2024-07-01
SOUTH ATLANTIC,2024,28,"Dengue virus infections, Dengue",4.0,-,2024-07-08
SOUTH ATLANTIC,2024,29,"Dengue virus infections, Dengue",2.0,-,2024-07-15
SOUTH ATLANTIC,2024,30,"Dengue virus infections, Dengue",4.0,-,2024-07-22
SOUTH ATLANTIC,2024,31,"Dengue virus infections, Dengue",2.0,-,2024-07-29
SOUTH ATLANTIC,2024,32,"Dengue virus infections, Dengue",3.0,-,2024-08-05
SOUTH ATLANTIC,2024,33,"Dengue virus infections, Dengue",2.0,-,2024-08-12
SOUTH ATLANTIC,2024,34,"Dengue virus infections, Dengue",8.0,-,2024-08-19
SOUTH ATLANTIC,2024,35,"Dengue virus infections, Dengue",3.0,-,2024-08-26
SOUTH ATLANTIC,2024,36,"Dengue virus infections, Dengue",4.0,-,2024-09-02
SOUTH ATLANTIC,2024,37,"Dengue virus infections, Dengue",4.0,-,2024-09-09
SOUTH ATLANTIC,2024,38,"Dengue virus infections, Dengue",10.0,-,2024-09-16
SOUTH ATLANTIC,2024,39,"Dengue virus infections, Dengue",5.0,-,2024-09-23
SOUTH ATLANTIC,2024,40,"Dengue virus infections, Dengue",7.0,-,2024-09-30
SOUTH ATLANTIC,2024,41,"Dengue virus infections, Dengue",1.0,-,2024-10-07
SOUTH ATLANTIC,2024,42,"Dengue virus infections, Dengue",15.0,-,2024-10-14
SOUTH ATLANTIC,2024,43,"Dengue virus infections, Dengue",13.0,-,2024-10-21
SOUTH ATLANTIC,2024,44,"Dengue virus infections, Dengue",8.0,-,2024-10-28
SOUTH ATLANTIC,2024,45,"Dengue virus infections, Dengue",1.0,-,2024-11-04
SOUTH ATLANTIC,2024,46,"Dengue virus infections, Dengue",1.0,-,2024-11-11
SOUTH ATLANTIC,2024,47,"Dengue virus infections, Dengue",,-,2024-11-18
SOUTH ATLANTIC,2024,48,"Dengue virus infections, Dengue",7.0,-,2024-11-25
SOUTH ATLANTIC,2024,49,"Dengue virus infections, Dengue",1.0,-,2024-12-02
SOUTH ATLANTIC,2024,50,"Dengue virus infections, Dengue",9.0,-,2024-12-09
SOUTH ATLANTIC,2024,51,"Dengue virus infections, Dengue",,-,2024-12-16
SOUTH ATLANTIC,2024,52,"Dengue virus infections, Dengue",,-,2024-12-23
TOTAL,2022,1,"Dengue virus infections, Dengue",,-,2022-01-03
TOTAL,2022,2,"Dengue virus infections, Dengue",2.0,-,2022-01-10
TOTAL,2022,3,"Dengue virus infections, Dengue",,-,2022-01-17
TOTAL,2022,4,"Dengue virus infections, Dengue",1.0,-,2022-01-24
TOTAL,2022,5,"Dengue virus infections, Dengue",,-,2022-01-31
TOTAL,2022,6,"Dengue virus infections, Dengue",,-,2022-02-07
TOTAL,2022,7,"Dengue virus infections, Dengue",,-,2022-02-14
TOTAL,2022,8,"Dengue virus infections, Dengue",1.0,-,2022-02-21
TOTAL,2022,9,"Dengue virus infections, Dengue",,-,2022-02-28
TOTAL,2022,10,"Dengue virus infections, Dengue",,-,2022-03-07
TOTAL,2022,11,"Dengue virus infections, Dengue",3.0,-,2022-03-14
TOTAL,2022,12,"Dengue virus infections, Dengue",,-,2022-03-21
TOTAL,2022,13,"Dengue virus infections, Dengue",,-,2022-03-28
TOTAL,2022,14,"Dengue virus infections, Dengue",,-,2022-04-04
TOTAL,2022,15,"Dengue virus infections, Dengue",,-,2022-04-11
TOTAL,2022,16,"Dengue virus infections, Dengue",,-,2022-04-18
TOTAL,2022,17,"Dengue virus infections, Dengue",,-,2022-04-25
TOTAL,2022,18,"Dengue virus infections, Dengue",,-,2022-05-02
TOTAL,2022,19,"Dengue virus infections, Dengue",,-,2022-05-09
TOTAL,2022,20,"Dengue virus infections, Dengue",,-,2022-05-16
TOTAL,2022,21,"Dengue virus infections, Dengue",,-,2022-05-23
TOTAL,2022,22,"Dengue virus infections, Dengue",,-,2022-05-30
TOTAL,2022,23,"Dengue virus infections, Dengue",,-,2022-06-06
TOTAL,2022,24,"Dengue virus infections, Dengue",,-,2022-06-13
TOTAL,2022,25,"Dengue virus infections, Dengue",1.0,-,2022-06-20
TOTAL,2022,26,"Dengue virus infections, Dengue",1.0,-,2022-06-27
TOTAL,2022,27,"Dengue virus infections, Dengue",,-,2022-07-04
TOTAL,2022,28,"Dengue virus infections, Dengue",,-,2022-07-11
TOTAL,2022,29,"Dengue virus infections, Dengue",7.0,-,2022-07-18
TOTAL,2022,30,"Dengue virus infections, Dengue",8.0,-,2022-07-25
TOTAL,2022,31,"Dengue virus infections, Dengue",14.0,-,2022-08-01
TOTAL,2022,32,"Dengue virus infections, Dengue",3.0,-,2022-08-08
TOTAL,2022,33,"Dengue virus infections, Dengue",3.0,-,2022-08-15
TOTAL,2022,34,"Dengue virus infections, Dengue",5.0,-,2022-08-22
TOTAL,2022,35,"Dengue virus infections, Dengue",1.0,-,2022-08-29
TOTAL,2022,36,"Dengue virus infections, Dengue",31.0,-,2022-09-05
TOTAL,2022,37,"Dengue virus infections, Dengue",4.0,-,2022-09-12
TOTAL,2022,38,"Dengue virus infections, Dengue",3.0,-,2022-09-19
TOTAL,2022,39,"Dengue virus infections, Dengue",1.0,-,2022-09-26
TOTAL,2022,40,"Dengue virus infections, Dengue",2.0,-,2022-10-03
TOTAL,2022,41,"Dengue virus infections, Dengue",29.0,-,2022-10-10
TOTAL,2022,42,"Dengue virus infections, Dengue",7.0,-,2022-10-17
TOTAL,2022,43,"Dengue virus infections, Dengue",4.0,-,2022-10-24
TOTAL,2022,44,"Dengue virus infections, Dengue",11.0,-,2022-10-31
TOTAL,2022,45,"Dengue virus infections, Dengue",10.0,-,2022-11-07
TOTAL,2022,46,"Dengue virus infections, Dengue",,-,2022-11-14
TOTAL,2022,47,"Dengue virus infections, Dengue",3.0,-,2022-11-21
TOTAL,2022,48,"Dengue virus infections, Dengue",1.0,-,2022-11-28
TOTAL,2022,49,"Dengue virus infections, Dengue",1.0,-,2022-12-05
TOTAL,2022,50,"Dengue virus infections, Dengue",1.0,-,2022-12-12
TOTAL,2022,51,"Dengue virus infections, Dengue",,-,2022-12-19
TOTAL,2022,52,"Dengue virus infections, Dengue",,-,2022-12-26
TOTAL,2023,1,"Dengue virus infections, Dengue",,-,2023-01-02
TOTAL,2023,2,"Dengue virus infections, Dengue",,-,2023-01-09
TOTAL,2023,3,"Dengue virus infections, Dengue",,-,2023-01-16
TOTAL,2023,4,"Dengue virus infections, Dengue",2.0,-,2023-01-23
TOTAL,2023,5,"Dengue virus infections, Dengue",1.0,-,2023-01-30
TOTAL,2023,6,"Dengue virus infections, Dengue",,-,2023-02-06
TOTAL,2023,7,"Dengue virus infections, Dengue",2.0,-,2023-02-13
TOTAL,2023,8,"Dengue virus infections, Dengue",,-,2023-02-20
TOTAL,2023,9,"Dengue virus infections, Dengue",,-,2023-02-27
TOTAL,2023,10,"Dengue virus infections, Dengue",1.0,-,2023-03-06
TOTAL,2023,11,"Dengue virus infections, Dengue",,-,2023-03-13
TOTAL,2023,12,"Dengue virus infections, Dengue",,-,2023-03-20
TOTAL,2023,13,"Dengue virus infections, Dengue",,-,2023-03-27
TOTAL,2023,14,"Dengue virus infections, Dengue",,-,2023-04-03
TOTAL,2023,15,"Dengue virus infections, Dengue",,-,2023-04-10
TOTAL,2023,16,"Dengue virus infections, Dengue",,-,2023-04-17
TOTAL,2023,17,"Dengue virus infections, Dengue",1.0,-,2023-04-24
TOTAL,2023,18,"Dengue virus infections, Dengue",,-,2023-05-01
TOTAL,2023,19,"Dengue virus infections, Dengue",1.0,-,2023-05-08
TOTAL,2023,20,"Dengue virus infections, Dengue",,-,2023-05-15
TOTAL,2023,21,"Dengue virus infections, Dengue",1.0,-,2023-05-22
TOTAL,2023,22,"Dengue virus infections, Dengue",,-,2023-05-29
TOTAL,2023,23,"Dengue virus infections, Dengue",,-,2023-06-05
TOTAL,2023,24,"Dengue virus infections, Dengue",1.0,-,2023-06-12
TOTAL,2023,25,"Dengue virus infections, Dengue",,-,2023-06-19
TOTAL,2023,26,"Dengue virus infections, Dengue",1.0,-,2023-06-26
TOTAL,2023,27,"Dengue virus infections, Dengue",2.0,-,2023-07-03
TOTAL,2023,28,"Dengue virus infections, Dengue",1.0,-,2023-07-10
TOTAL,2023,29,"Dengue virus infections, Dengue",2.0,-,2023-07-17
TOTAL,2023,30,"Dengue virus infections, Dengue",2.0,-,2023-07-24
TOTAL,2023,31,"Dengue virus infections, Dengue",2.0,-,2023-07-31
TOTAL,2023,32,"Dengue virus infections, Dengue",,-,2023-08-07
TOTAL,2023,33,"Dengue virus infections, Dengue",5.0,-,2023-08-14
TOTAL,2023,34,"Dengue virus infections, Dengue",4.0,-,2023-08-21
TOTAL,2023,35,"Dengue virus infections, Dengue",2.0,-,2023-08-28
TOTAL,2023,36,"Dengue virus infections, Dengue",3.0,-,2023-09-04
TOTAL,2023,37,"Dengue virus infections, Dengue",12.0,-,2023-09-11
TOTAL,2023,38,"Dengue virus infections, Dengue",6.0,-,2023-09-18
TOTAL,2023,39,"Dengue virus infections, Dengue",2.0,-,2023-09-25
TOTAL,2023,40,"Dengue virus infections, Dengue",11.0,-,2023-10-02
TOTAL,2023,41,"Dengue virus infections, Dengue",1.0,-,2023-10-09
TOTAL,2023,42,"Dengue virus infections, Dengue",5.0,-,2023-10-16
TOTAL,2023,43,"Dengue virus infections, Dengue",5.0,-,2023-10-23
TOTAL,2023,44,"Dengue virus infections, Dengue",13.0,-,2023-10-30
TOTAL,2023,45,"Dengue virus infections, Dengue",3.0,-,2023-11-06
TOTAL,2023,46,"Dengue virus infections, Dengue",3.0,-,2023-11-13
TOTAL,2023,47,"Dengue virus infections, Dengue",6.0,-,2023-11-20
TOTAL,2023,48,"Dengue virus infections, Dengue",3.0,-,2023-11-27
TOTAL,2023,49,"Dengue virus infections, Dengue",14.0,-,2023-12-04
TOTAL,2023,50,"Dengue virus infections, Dengue",1.0,-,2023-12-11
TOTAL,2023,51,"Dengue virus infections, Dengue",,-,2023-12-18
TOTAL,2023,52,"Dengue virus infections, Dengue",,-,2023-12-25
TOTAL,2024,1,"Dengue virus infections, Dengue",,-,2024-01-01
TOTAL,2024,2,"Dengue virus infections, Dengue",,-,2024-01-08
TOTAL,2024,3,"Dengue virus infections, Dengue",2.0,-,2024-01-15
TOTAL,2024,4,"Dengue virus infections, Dengue",3.0,-,2024-01-22
TOTAL,2024,5,"Dengue virus infections, Dengue",3.0,-,2024-01-29
TOTAL,2024,6,"Dengue virus infections, Dengue",1.0,-,2024-02-05
TOTAL,2024,7,"Dengue virus infections, Dengue",1.0,-,2024-02-12
TOTAL,2024,8,"Dengue virus infections, Dengue",,-,2024-02-19
TOTAL,2024,9,"Dengue virus infections, Dengue",1.0,-,2024-02-26
TOTAL,2024,10,"Dengue virus infections, Dengue",1.0,-,2024-03-04
TOTAL,2024,11,"Dengue virus infections, Dengue",2.0,-,2024-03-11
TOTAL,2024,12,"Dengue virus infections, Dengue",3.0,-,2024-03-18
TOTAL,2024,13,"Dengue virus infections, Dengue",2.0,-,2024-03-25
TOTAL,2024,14,"Dengue virus infections, Dengue",4.0,-,2024-04-01
TOTAL,2024,15,"Dengue virus infections, Dengue",3.0,-,2024-04-08
TOTAL,2024,16,"Dengue virus infections, Dengue",2.0,-,2024-04-15
TOTAL,2024,17,"Dengue virus infections, Dengue",1.0,-,2024-04-22
TOTAL,2024,18,"Dengue virus infections, Dengue",2.0,-,2024-04-29
TOTAL,2024,19,"Dengue virus infections, Dengue",6.0,-,2024-05-06
TOTAL,2024,20,"Dengue virus infections, Dengue",6.0,-,2024-05-13
TOTAL,2024,21,"Dengue virus infections, Dengue",1.0,-,2024-05-20
TOTAL,2024,22,"Dengue virus infections, Dengue",2.0,-,2024-05-27
TOTAL,2024,23,"Dengue virus infections, Dengue",,-,2024-06-03
TOTAL,2024,24,"Dengue virus infections, Dengue",10.0,-,2024-06-10
TOTAL,2024,25,"Dengue virus infections, Dengue",3.0,-,2024-06-17
TOTAL,2024,26,"Dengue virus infections, Dengue",3.0,-,2024-06-24
TOTAL,2024,27,"Dengue virus infections, Dengue",2.0,-,2024-07-01
TOTAL,2024,28,"Dengue virus infections, Dengue",4.0,-,2024-07-08
TOTAL,2024,29,"Dengue virus infections, Dengue",3.0,-,2024-07-15
TOTAL,2024,30,"Dengue virus infections, Dengue",4.0,-,2024-07-22
TOTAL,2024,31,"Dengue virus infections, Dengue",7.0,-,2024-07-29
TOTAL,2024,32,"Dengue virus infections, Dengue",6.0,-,2024-08-05
TOTAL,2024,33,"Dengue virus infections, Dengue",4.0,-,2024-08-12
TOTAL,2024,34,"Dengue virus infections, Dengue",14.0,-,2024-08-19
TOTAL,2024,35,"Dengue virus infections, Dengue",7.0,-,2024-08-26
TOTAL,2024,36,"Dengue virus infections, Dengue",6.0,-,2024-09-02
TOTAL,2024,37,"Dengue virus infections, Dengue",13.0,-,2024-09-09
TOTAL,2024,38,"Dengue virus infections, Dengue",16.0,-,2024-09-16
TOTAL,2024,39,"Dengue virus infections, Dengue",8.0,-,2024-09-23
TOTAL,2024,40,"Dengue virus infections, Dengue",13.0,-,2024-09-30
TOTAL,2024,41,"Dengue virus infections, Dengue",4.0,-,2024-10-07
TOTAL,2024,42,"Dengue virus infections, Dengue",18.0,-,2024-10-14
TOTAL,2024,43,"Dengue virus infections, Dengue",15.0,-,2024-10-21
TOTAL,2024,44,"Dengue virus infections, Dengue",10.0,-,2024-10-28
TOTAL,2024,45,"Dengue virus infections, Dengue",4.0,-,2024-11-04
TOTAL,2024,46,"Dengue virus infections, Dengue",1.0,-,2024-11-11
TOTAL,2024,47,"Dengue virus infections, Dengue",1.0,-,2024-11-18
TOTAL,2024,48,"Dengue virus infections, Dengue",12.0,-,2024-11-25
TOTAL,2024,49,"Dengue virus infections, Dengue",3.0,-,2024-12-02
TOTAL,2024,50,"Dengue virus infections, Dengue",11.0,-,2024-12-09
TOTAL,2024,51,"Dengue virus infections, Dengue",1.0,-,2024-12-16
TOTAL,2024,52,"Dengue virus infections, Dengue",1.0,-,2024-12-23
Total,2025,1,"Dengue virus infections, Dengue",12.0,,2024-12-30
Total,2025,2,"Dengue virus infections, Dengue",9.0,,2025-01-06
Total,2025,3,"Dengue virus infections, Dengue",1.0,,2025-01-13
Total,2025,4,"Dengue virus infections, Dengue",6.0,,2025-01-20
Total,2025,5,"Dengue virus infections, Dengue",4.0,,2025-01-27
Total,2025,6,"Dengue virus infections, Dengue",6.0,,2025-02-03
Total,2025,7,"Dengue virus infections, Dengue",3.0,,2025-02-10
Total,2025,8,"Dengue virus infections, Dengue",1.0,,2025-02-17
Total,2025,9,"Dengue virus infections, Dengue",7.0,,2025-02-24
Total,2025,10,"Dengue virus infections, Dengue",,-,2025-03-03
Total,2025,11,"Dengue virus infections, Dengue",2.0,,2025-03-10
Total,2025,12,"Dengue virus infections, Dengue",,-,2025-03-17
Total,2025,13,"Dengue virus infections, Dengue",3.0,,2025-03-24
Total,2025,14,"Dengue virus infections, Dengue",,-,2025-03-31
Total,2025,15,"Dengue virus infections, Dengue",1.0,,2025-04-07
Total,2025,16,"Dengue virus infections, Dengue",1.0,,2025-04-14
Total,2025,17,"Dengue virus infections, Dengue",3.0,,2025-04-21
Total,2025,18,"Dengue virus infections, Dengue",2.0,,2025-04-28
Total,2025,19,"Dengue virus infections, Dengue",2.0,,2025-05-05
Total,2025,20,"Dengue virus infections, Dengue",2.0,,2025-05-12
Total,2025,21,"Dengue virus infections, Dengue",,-,2025-05-19
Total,2025,22,"Dengue virus infections, Dengue",,-,2025-05-26
Total,2025,23,"Dengue virus infections, Dengue",2.0,,2025-06-02
Total,2025,24,"Dengue virus infections, Dengue",1.0,,2025-06-09
Total,2025,25,"Dengue virus infections, Dengue",,-,2025-06-16
Total,2025,26,"Dengue virus infections, Dengue",1.0,,2025-06-23
Total,2025,27,"Dengue virus infections, Dengue",,-,2025-06-30
Total,2025,28,"Dengue virus infections, Dengue",6.0,,2025-07-07
Total,2025,29,"Dengue virus infections, Dengue",3.0,,2025-07-14
Total,2025,30,"Dengue virus infections, Dengue",2.0,,2025-07-21
Total,2025,31,"Dengue virus infections, Dengue",3.0,,2025-07-28
Total,2025,32,"Dengue virus infections, Dengue",10.0,,2025-08-04
Total,2025,33,"Dengue virus infections, Dengue",1.0,,2025-08-11
Total,2025,34,"Dengue virus infections, Dengue",1.0,,2025-08-18
Total,2025,35,"Dengue virus infections, Dengue",3.0,,2025-08-25
Total,2025,36,"Dengue virus infections, Dengue",8.0,,2025-09-01
Total,2025,37,"Dengue virus infections, Dengue",4.0,,2025-09-08
Total,2025,38,"Dengue virus infections, Dengue",12.0,,2025-09-15
Total,2025,39,"Dengue virus infections, Dengue",6.0,,2025-09-22
Total,2025,40,"Dengue virus infections, Dengue",7.0,,2025-09-29
Total,2025,41,"Dengue virus infections, Dengue",7.0,,2025-10-06
Total,2025,42,"Dengue virus infections, Dengue",12.0,,2025-10-13
Total,2025,43,"Dengue virus infections, Dengue",8.0,,2025-10-20
Total,2025,44,"Dengue virus infections, Dengue",4.0,,2025-10-27
Total,2025,45,"Dengue virus infections, Dengue",1.0,,2025-11-03
Total,2025,46,"Dengue virus infections, Dengue",2.0,,2025-11-10
Total,2025,47,"Dengue virus infections, Dengue",21.0,,2025-11-17
Total,2025,48,"Dengue virus infections, Dengue",2.0,,2025-11-24
Total,2025,49,"Dengue virus infections, Dengue",4.0,,2025-12-01
Total,2025,50,"Dengue virus infections, Dengue",2.0,,2025-12-08
Total,2025,51,"Dengue virus infections, Dengue",2.0,,2025-12-15
Total,2025,52,"Dengue virus infections, Dengue",2.0,,2025-12-22
Total,2026,1,"Dengue virus infections, Dengue",4.0,,2025-12-29
Total,2026,2,"Dengue virus infections, Dengue",,-,2026-01-05
Total,2026,3,"Dengue virus infections, Dengue",2.0,,2026-01-12
Total,2026,4,"Dengue virus infections, Dengue",,-,2026-01-19
Total,2026,5,"Dengue virus infections, Dengue",1.0,,2026-01-26
Total,2026,6,"Dengue virus infections, Dengue",,-,2026-02-02
Total,2026,7,"Dengue virus infections, Dengue",,-,2026-02-09
Total,2026,8,"Dengue virus infections, Dengue",,-,2026-02-16
Total,2026,9,"Dengue virus infections, Dengue",,-,2026-02-23
Total,2026,10,"Dengue virus infections, Dengue",,-,2026-03-02
Total,2026,11,"Dengue virus infections, Dengue",1.0,,2026-03-09
Total,2026,12,"Dengue virus infections, Dengue",5.0,,2026-03-16
Total,2026,13,"Dengue virus infections, Dengue",,-,2026-03-23
Total,2026,14,"Dengue virus infections, Dengue",,-,2026-03-30
Total,2026,15,"Dengue virus infections, Dengue",1.0,,2026-04-06
Total,2026,16,"Dengue virus infections, Dengue",,-,2026-04-13
Total,2026,17,"Dengue virus infections, Dengue",,-,2026-04-20
Total,2026,18,"Dengue virus infections, Dengue",,-,2026-04-27
Total,2026,19,"Dengue virus infections, Dengue",,-,2026-05-04
Total,2026,20,"Dengue virus infections, Dengue",,-,2026-05-11
Total,2026,21,"Dengue virus infections, Dengue",1.0,,2026-05-18
Total,2026,22,"Dengue virus infections, Dengue",1.0,,2026-05-25
Total,2026,23,"Dengue virus infections, Dengue",1.0,,2026-06-01
Total,2026,24,"Dengue virus infections, Dengue",1.0,,2026-06-08
Total,2026,25,"Dengue virus infections, Dengue",1.0,,2026-06-15
Total,2026,26,"Dengue virus infections, Dengue",,-,2026-06-22
Total,2026,27,"Dengue virus infections, Dengue",2.0,,2026-06-29
Total,2026,28,"Dengue virus infections, Dengue",2.0,,2026-07-06
Total,2026,29,"Dengue virus infections, Dengue",3.0,,2026-07-13
Total,2026,30,"Dengue virus infections, Dengue",3.0,,2026-07-20
Total,2026,31,"Dengue virus infections, Dengue",2.0,,2026-07-27
Total,2026,32,"Dengue virus infections, Dengue",15.0,,2026-08-03
Total,2026,33,"Dengue virus infections, Dengue",23.0,,2026-08-10
Total,2026,34,"Dengue virus infections, Dengue",1.0,,2026-08-17
Total,2026,35,"Dengue virus infections, Dengue",,-,2026-08-24
Total,2026,36,"Dengue virus infections, Dengue",,-,2026-08-31
Total,2026,37,"Dengue virus infections, Dengue",3.0,,2026-09-07
Total,2025,53,"Dengue virus infections, Dengue",1.0,,
US RESIDENTS,2022,1,"Dengue virus infections, Dengue",,-,2022-01-03
US RESIDENTS,2022,2,"Dengue virus infections, Dengue",2.0,-,2022-01-10
US RESIDENTS,2022,3,"Dengue virus infections, Dengue",,-,2022-01-17
US RESIDENTS,2022,4,"Dengue virus infections, Dengue",1.0,-,2022-01-24
US RESIDENTS,2022,5,"Dengue virus infections, Dengue",,-,2022-01-31
US RESIDENTS,2022,6,"Dengue virus infections, Dengue",,-,2022-02-07
US RESIDENTS,2022,7,"Dengue virus infections, Dengue",,-,2022-02-14
US RESIDENTS,2022,8,"Dengue virus infections, Dengue",1.0,-,2022-02-21
US RESIDENTS,2022,9,"Dengue virus infections, Dengue",,-,2022-02-28
US RESIDENTS,2022,10,"Dengue virus infections, Dengue",,-,2022-03-07
US RESIDENTS,2022,11,"Dengue virus infections, Dengue",3.0,-,2022-03-14
US RESIDENTS,2022,12,"Dengue virus infections, Dengue",,-,2022-03-21
US RESIDENTS,2022,13,"Dengue virus infections, Dengue",,-,2022-03-28
US RESIDENTS,2022,14,"Dengue virus infections, Dengue",,-,2022-04-04
US RESIDENTS,2022,15,"Dengue virus infections, Dengue",,-,2022-04-11
US RESIDENTS,2022,16,"Dengue virus infections, Dengue",,-,2022-04-18
US RESIDENTS,2022,17,"Dengue virus infections, Dengue",,-,2022-04-25
US RESIDENTS,2022,18,"Dengue virus infections, Dengue",,-,2022-05-02
US RESIDENTS,2022,19,"Dengue virus infections, Dengue",,-,2022-05-09
US RESIDENTS,2022,20,"Dengue virus infections, Dengue",,-,2022-05-16
US RESIDENTS,2022,21,"Dengue virus infections, Dengue",,-,2022-05-23
US RESIDENTS,2022,22,"Dengue virus infections, Dengue",,-,2022-05-30
US RESIDENTS,2022,23,"Dengue virus infections, Dengue",,-,2022-06-06
US RESIDENTS,2022,24,"Dengue virus infections, Dengue",,-,2022-06-13
US RESIDENTS,2022,25,"Dengue virus infections, Dengue",1.0,-,2022-06-20
US RESIDENTS,2022,26,"Dengue virus infections, Dengue",1.0,-,2022-06-27
US RESIDENTS,2022,27,"Dengue virus infections, Dengue",,-,2022-07-04
US RESIDENTS,2022,28,"Dengue virus infections, Dengue",,-,2022-07-11
US RESIDENTS,2022,29,"Dengue virus infections, Dengue",7.0,-,2022-07-18
US RESIDENTS,2022,30,"Dengue virus infections, Dengue",8.0,-,2022-07-25
US RESIDENTS,2022,31,"Dengue virus infections, Dengue",14.0,-,2022-08-01
US RESIDENTS,2022,32,"Dengue virus infections, Dengue",3.0,-,2022-08-08
US RESIDENTS,2022,33,"Dengue virus infections, Dengue",3.0,-,2022-08-15
US RESIDENTS,2022,34,"Dengue virus infections, Dengue",5.0,-,2022-08-22
US RESIDENTS,2022,35,"Dengue virus infections, Dengue",1.0,-,2022-08-29
US RESIDENTS,2022,36,"Dengue virus infections, Dengue",31.0,-,2022-09-05
US RESIDENTS,2022,37,"Dengue virus infections, Dengue",4.0,-,2022-09-12
US RESIDENTS,2022,38,"Dengue virus infections, Dengue",3.0,-,2022-09-19
US RESIDENTS,2022,39,"Dengue virus infections, Dengue",1.0,-,2022-09-26
US RESIDENTS,2022,40,"Dengue virus infections, Dengue",2.0,-,2022-10-03
US RESIDENTS,2022,41,"Dengue virus infections, Dengue",29.0,-,2022-10-10
US RESIDENTS,2022,42,"Dengue virus infections, Dengue",7.0,-,2022-10-17
US RESIDENTS,2022,43,"Dengue virus infections, Dengue",4.0,-,2022-10-24
US RESIDENTS,2022,44,"Dengue virus infections, Dengue",11.0,-,2022-10-31
US RESIDENTS,2022,45,"Dengue virus infections, Dengue",10.0,-,2022-11-07
US RESIDENTS,2022,46,"Dengue virus infections, Dengue",,-,2022-11-14
US RESIDENTS,2022,47,"Dengue virus infections, Dengue",3.0,-,2022-11-21
US RESIDENTS,2022,48,"Dengue virus infections, Dengue",1.0,-,2022-11-28
US RESIDENTS,2022,49,"Dengue virus infections, Dengue",1.0,-,2022-12-05
US RESIDENTS,2022,50,"Dengue virus infections, Dengue",1.0,-,2022-12-12
US RESIDENTS,2022,51,"Dengue virus infections, Dengue",,-,2022-12-19
US RESIDENTS,2022,52,"Dengue virus infections, Dengue",,-,2022-12-26
US RESIDENTS,2023,1,"Dengue virus infections, Dengue",,-,2023-01-02
US RESIDENTS,2023,2,"Dengue virus infections, Dengue",,-,2023-01-09
US RESIDENTS,2023,3,"Dengue virus infections, Dengue",,-,2023-01-16
US RESIDENTS,2023,4,"Dengue virus infections, Dengue",2.0,-,2023-01-23
US RESIDENTS,2023,5,"Dengue virus infections, Dengue",1.0,-,2023-01-30
US RESIDENTS,2023,6,"Dengue virus infections, Dengue",,-,2023-02-06
US RESIDENTS,2023,7,"Dengue virus infections, Dengue",2.0,-,2023-02-13
US RESIDENTS,2023,8,"Dengue virus infections, Dengue",,-,2023-02-20
US RESIDENTS,2023,9,"Dengue virus infections, Dengue",,-,2023-02-27
US RESIDENTS,2023,10,"Dengue virus infections, Dengue",1.0,-,2023-03-06
US RESIDENTS,2023,11,"Dengue virus infections, Dengue",,-,2023-03-13
US RESIDENTS,2023,12,"Dengue virus infections, Dengue",,-,2023-03-20
US RESIDENTS,2023,13,"Dengue virus infections, Dengue",,-,2023-03-27
US RESIDENTS,2023,14,"Dengue virus infections, Dengue",,-,2023-04-03
US RESIDENTS,2023,15,"Dengue virus infections, Dengue",,-,2023-04-10
US RESIDENTS,2023,16,"Dengue virus infections, Dengue",,-,2023-04-17
US RESIDENTS,2023,17,"Dengue virus infections, Dengue",1.0,-,2023-04-24
US RESIDENTS,2023,18,"Dengue virus infections, Dengue",,-,2023-05-01
US RESIDENTS,2023,19,"Dengue virus infections, Dengue",1.0,-,2023-05-08
US RESIDENTS,2023,20,"Dengue virus infections, Dengue",,-,2023-05-15
US RESIDENTS,2023,21,"Dengue virus infections, Dengue",1.0,-,2023-05-22
US RESIDENTS,2023,22,"Dengue virus infections, Dengue",,-,2023-05-29
US RESIDENTS,2023,23,"Dengue virus infections, Dengue",,-,2023-06-05
US RESIDENTS,2023,24,"Dengue virus infections, Dengue",1.0,-,2023-06-12
US RESIDENTS,2023,25,"Dengue virus infections, Dengue",,-,2023-06-19
US RESIDENTS,2023,26,"Dengue virus infections, Dengue",1.0,-,2023-06-26
US RESIDENTS,2023,27,"Dengue virus infections, Dengue",2.0,-,2023-07-03
US RESIDENTS,2023,28,"Dengue virus infections, Dengue",1.0,-,2023-07-10
US RESIDENTS,2023,29,"Dengue virus infections, Dengue",2.0,-,2023-07-17
US RESIDENTS,2023,30,"Dengue virus infections, Dengue",2.0,-,2023-07-24
US RESIDENTS,2023,31,"Dengue virus infections, Dengue",2.0,-,2023-07-31
US RESIDENTS,2023,32,"Dengue virus infections, Dengue",,-,2023-08-07
US RESIDENTS,2023,33,"Dengue virus infections, Dengue",5.0,-,2023-08-14
US RESIDENTS,2023,34,"Dengue virus infections, Dengue",4.0,-,2023-08-21
US RESIDENTS,2023,35,"Dengue virus infections, Dengue",2.0,-,2023-08-28
US RESIDENTS,2023,36,"Dengue virus infections, Dengue",3.0,-,2023-09-04
US RESIDENTS,2023,37,"Dengue virus infections, Dengue",12.0,-,2023-09-11
US RESIDENTS,2023,38,"Dengue virus infections, Dengue",6.0,-,2023-09-18
US RESIDENTS,2023,39,"Dengue virus infections, Dengue",2.0,-,2023-09-25
US RESIDENTS,2023,40,"Dengue virus infections, Dengue",11.0,-,2023-10-02
US RESIDENTS,2023,41,"Dengue virus infections, Dengue",1.0,-,2023-10-09
US RESIDENTS,2023,42,"Dengue virus infections, Dengue",5.0,-,2023-10-16
US RESIDENTS,2023,43,"Dengue virus infections, Dengue",5.0,-,2023-10-23
US RESIDENTS,2023,44,"Dengue virus infections, Dengue",13.0,-,2023-10-30
US RESIDENTS,2023,45,"Dengue virus infections, Dengue",3.0,-,2023-11-06
US RESIDENTS,2023,46,"Dengue virus infections, Dengue",3.0,-,2023-11-13
US RESIDENTS,2023,47,"Dengue virus infections, Dengue",6.0,-,2023-11-20
US RESIDENTS,2023,48,"Dengue virus infections, Dengue",3.0,-,2023-11-27
US RESIDENTS,2023,49,"Dengue virus infections, Dengue",14.0,-,2023-12-04
US RESIDENTS,2023,50,"Dengue virus infections, Dengue",1.0,-,2023-12-11
US RESIDENTS,2023,51,"Dengue virus infections, Dengue",,-,2023-12-18
US RESIDENTS,2023,52,"Dengue virus infections, Dengue",,-,2023-12-25
US RESIDENTS,2024,1,"Dengue virus infections, Dengue",,-,2024-01-01
US RESIDENTS,2024,2,"Dengue virus infections, Dengue",,-,2024-01-08
US RESIDENTS,2024,3,"Dengue virus infections, Dengue",2.0,-,2024-01-15
US RESIDENTS,2024,4,"Dengue virus infections, Dengue",3.0,-,2024-01-22
US RESIDENTS,2024,5,"Dengue virus infections, Dengue",3.0,-,2024-01-29
US RESIDENTS,2024,6,"Dengue virus infections, Dengue",1.0,-,2024-02-05
US RESIDENTS,2024,7,"Dengue virus infections, Dengue",1.0,-,2024-02-12
US RESIDENTS,2024,8,"Dengue virus infections, Dengue",,-,2024-02-19
US RESIDENTS,2024,9,"Dengue virus infections, Dengue",1.0,-,2024-02-26
US RESIDENTS,2024,10,"Dengue virus infections, Dengue",1.0,-,2024-03-04
US RESIDENTS,2024,11,"Dengue virus infections, Dengue",2.0,-,2024-03-11
US RESIDENTS,2024,12,"Dengue virus infections, Dengue",3.0,-,2024-03-18
US RESIDENTS,2024,13,"Dengue virus infections, Dengue",2.0,-,2024-03-25
US RESIDENTS,2024,14,"Dengue virus infections, Dengue",4.0,-,2024-04-01
US RESIDENTS,2024,15,"Dengue virus infections, Dengue",3.0,-,2024-04-08
US RESIDENTS,2024,16,"Dengue virus infections, Dengue",2.0,-,2024-04-15
US RESIDENTS,2024,17,"Dengue virus infections, Dengue",1.0,-,2024-04-22
US RESIDENTS,2024,18,"Dengue virus infections, Dengue",2.0,-,2024-04-29
US RESIDENTS,2024,19,"Dengue virus infections, Dengue",6.0,-,2024-05-06
US RESIDENTS,2024,20,"Dengue virus infections, Dengue",6.0,-,2024-05-13
US RESIDENTS,2024,21,"Dengue virus infections, Dengue",1.0,-,2024-05-20
US RESIDENTS,2024,22,"Dengue virus infections, Dengue",2.0,-,2024-05-27
US RESIDENTS,2024,23,"Dengue virus infections, Dengue",,-,2024-06-03
US RESIDENTS,2024,24,"Dengue virus infections, Dengue",7.0,-,2024-06-10
US RESIDENTS,2024,25,"Dengue virus infections, Dengue",3.0,-,2024-06-17
US RESIDENTS,2024,26,"Dengue virus infections, Dengue",3.0,-,2024-06-24
US RESIDENTS,2024,27,"Dengue virus infections, Dengue",2.0,-,2024-07-01
US RESIDENTS,2024,28,"Dengue virus infections, Dengue",4.0,-,2024-07-08
US RESIDENTS,2024,29,"Dengue virus infections, Dengue",3.0,-,2024-07-15
US RESIDENTS,2024,30,"Dengue virus infections, Dengue",4.0,-,2024-07-22
US RESIDENTS,2024,31,"Dengue virus infections, Dengue",7.0,-,2024-07-29
US RESIDENTS,2024,32,"Dengue virus infections, Dengue",6.0,-,2024-08-05
US RESIDENTS,2024,33,"Dengue virus infections, Dengue",4.0,-,2024-08-12
US RESIDENTS,2024,34,"Dengue virus infections, Dengue",14.0,-,2024-08-19
US RESIDENTS,2024,35,"Dengue virus infections, Dengue",7.0,-,2024-08-26
US RESIDENTS,2024,36,"Dengue virus infections, Dengue",6.0,-,2024-09-02
US RESIDENTS,2024,37,"Dengue virus infections, Dengue",13.0,-,2024-09-09
US RESIDENTS,2024,38,"Dengue virus infections, Dengue",15.0,-,2024-09-16
US RESIDENTS,2024,39,"Dengue virus infections, Dengue",8.0,-,2024-09-23
US RESIDENTS,2024,40,"Dengue virus infections, Dengue",12.0,-,2024-09-30
US RESIDENTS,2024,41,"Dengue virus infections, Dengue",4.0,-,2024-10-07
US RESIDENTS,2024,42,"Dengue virus infections, Dengue",18.0,-,2024-10-14
US RESIDENTS,2024,43,"Dengue virus infections, Dengue",15.0,-,2024-10-21
US RESIDENTS,2024,44,"Dengue virus infections, Dengue",10.0,-,2024-10-28
US RESIDENTS,2024,45,"Dengue virus infections, Dengue",4.0,-,2024-11-04
US RESIDENTS,2024,46,"Dengue virus infections, Dengue",1.0,-,2024-11-11
US RESIDENTS,2024,47,"Dengue virus infections, Dengue",1.0,-,2024-11-18
US RESIDENTS,2024,48,"Dengue virus infections, Dengue",10.0,-,2024-11-25
US RESIDENTS,2024,49,"Dengue virus infections, Dengue",2.0,-,2024-12-02
US RESIDENTS,2024,50,"Dengue virus infections, Dengue",11.0,-,2024-12-09
US RESIDENTS,2024,51,"Dengue virus infections, Dengue",1.0,-,2024-12-16
US RESIDENTS,2024,52,"Dengue virus infections, Dengue",1.0,-,2024-12-23
