Reporting Area,Current MMWR Year,MMWR WEEK,Label,Current week,"Current week, flag"
FLORIDA,2022,1,"Dengue virus infections, Dengue",,-
FLORIDA,2022,2,"Dengue virus infections, Dengue",2.0,-
FLORIDA,2022,3,"Dengue virus infections, Dengue",,-
FLORIDA,2022,4,"Dengue virus infections, Dengue",,-
FLORIDA,2022,5,"Dengue virus infections, Dengue",,-
FLORIDA,2022,6,"Dengue virus infections, Dengue",,-
FLORIDA,2022,7,"Dengue virus infections, Dengue",,-
FLORIDA,2022,8,"Dengue virus infections, Dengue",1.0,-
FLORIDA,2022,9,"Dengue virus infections, Dengue",,-
FLORIDA,2022,10,"Dengue virus infections, Dengue",,-
FLORIDA,2022,11,"Dengue virus infections, Dengue",3.0,-
FLORIDA,2022,12,"Dengue virus infections, Dengue",,-
FLORIDA,2022,13,"Dengue virus infections, Dengue",,-
FLORIDA,2022,14,"Dengue virus infections, Dengue",,-
FLORIDA,2022,15,"Dengue virus infections, Dengue",,-
FLORIDA,2022,16,"Dengue virus infections, Dengue",,-
FLORIDA,2022,17,"Dengue virus infections, Dengue",,-
FLORIDA,2022,18,"Dengue virus infections, Dengue",,-
FLORIDA,2022,19,"Dengue virus infections, Dengue",,-
FLORIDA,2022,20,"Dengue virus infections, Dengue",,-
FLORIDA,2022,21,"Dengue virus infections, Dengue",,-
FLORIDA,2022,22,"Dengue virus infections, Dengue",,-
FLORIDA,2022,23,"Dengue virus infections, Dengue",,-
FLORIDA,2022,24,"Dengue virus infections, Dengue",,-
FLORIDA,2022,25,"Dengue virus infections, Dengue",,-
FLORIDA,2022,26,"Dengue virus infections, Dengue",1.0,-
FLORIDA,2022,27,"Dengue virus infections, Dengue",,-
FLORIDA,2022,28,"Dengue virus infections, Dengue",,-
FLORIDA,2022,29,"Dengue virus infections, Dengue",7.0,-
FLORIDA,2022,30,"Dengue virus infections, Dengue",8.0,-
FLORIDA,2022,31,"Dengue virus infections, Dengue",14.0,-
FLORIDA,2022,32,"Dengue virus infections, Dengue",3.0,-
FLORIDA,2022,33,"Dengue virus infections, Dengue",1.0,-
FLORIDA,2022,34,"Dengue virus infections, Dengue",4.0,-
FLORIDA,2022,35,"Dengue virus infections, Dengue",,-
FLORIDA,2022,36,"Dengue virus infections, Dengue",28.0,-
FLORIDA,2022,37,"Dengue virus infections, Dengue",2.0,-
FLORIDA,2022,38,"Dengue virus infections, Dengue",1.0,-
FLORIDA,2022,39,"Dengue virus infections, Dengue",,-
FLORIDA,2022,40,"Dengue virus infections, Dengue",1.0,-
FLORIDA,2022,41,"Dengue virus infections, Dengue",27.0,-
FLORIDA,2022,42,"Dengue virus infections, Dengue",2.0,-
FLORIDA,2022,43,"Dengue virus infections, Dengue",,-
FLORIDA,2022,44,"Dengue virus infections, Dengue",9.0,-
FLORIDA,2022,45,"Dengue virus infections, Dengue",10.0,-
FLORIDA,2022,46,"Dengue virus infections, Dengue",,-
FLORIDA,2022,47,"Dengue virus infections, Dengue",3.0,-
FLORIDA,2022,48,"Dengue virus infections, Dengue",,-
FLORIDA,2022,49,"Dengue virus infections, Dengue",,-
FLORIDA,2022,50,"Dengue virus infections, Dengue",1.0,-
FLORIDA,2022,51,"Dengue virus infections, Dengue",,-
FLORIDA,2022,52,"Dengue virus infections, Dengue",,-
FLORIDA,2023,1,"Dengue virus infections, Dengue",,-
FLORIDA,2023,2,"Dengue virus infections, Dengue",,-
FLORIDA,2023,3,"Dengue virus infections, Dengue",,-
FLORIDA,2023,4,"Dengue virus infections, Dengue",2.0,-
FLORIDA,2023,5,"Dengue virus infections, Dengue",,-
FLORIDA,2023,6,"Dengue virus infections, Dengue",,-
FLORIDA,2023,7,"Dengue virus infections, Dengue",1.0,-
FLORIDA,2023,8,"Dengue virus infections, Dengue",,-
FLORIDA,2023,9,"Dengue virus infections, Dengue",,-
FLORIDA,2023,10,"Dengue virus infections, Dengue",,-
FLORIDA,2023,11,"Dengue virus infections, Dengue",,-
FLORIDA,2023,12,"Dengue virus infections, Dengue",,-
FLORIDA,2023,13,"Dengue virus infections, Dengue",,-
FLORIDA,2023,14,"Dengue virus infections, Dengue",,-
FLORIDA,2023,15,"Dengue virus infections, Dengue",,-
FLORIDA,2023,16,"Dengue virus infections, Dengue",,-
FLORIDA,2023,17,"Dengue virus infections, Dengue",,-
FLORIDA,2023,18,"Dengue virus infections, Dengue",,-
FLORIDA,2023,19,"Dengue virus infections, Dengue",,-
FLORIDA,2023,20,"Dengue virus infections, Dengue",,-
FLORIDA,2023,21,"Dengue virus infections, Dengue",1.0,-
FLORIDA,2023,22,"Dengue virus infections, Dengue",,-
FLORIDA,2023,23,"Dengue virus infections, Dengue",,-
FLORIDA,2023,24,"Dengue virus infections, Dengue",,-
FLORIDA,2023,25,"Dengue virus infections, Dengue",,-
FLORIDA,2023,26,"Dengue virus infections, Dengue",,-
FLORIDA,2023,27,"Dengue virus infections, Dengue",,-
FLORIDA,2023,28,"Dengue virus infections, Dengue",,-
FLORIDA,2023,29,"Dengue virus infections, Dengue",,-
FLORIDA,2023,30,"Dengue virus infections, Dengue",,-
FLORIDA,2023,31,"Dengue virus infections, Dengue",,-
FLORIDA,2023,32,"Dengue virus infections, Dengue",,-
FLORIDA,2023,33,"Dengue virus infections, Dengue",,-
FLORIDA,2023,34,"Dengue virus infections, Dengue",3.0,-
FLORIDA,2023,35,"Dengue virus infections, Dengue",,-
FLORIDA,2023,36,"Dengue virus infections, Dengue",,-
FLORIDA,2023,37,"Dengue virus infections, Dengue",,-
FLORIDA,2023,38,"Dengue virus infections, Dengue",,-
FLORIDA,2023,39,"Dengue virus infections, Dengue",1.0,-
FLORIDA,2023,40,"Dengue virus infections, Dengue",10.0,-
FLORIDA,2023,41,"Dengue virus infections, Dengue",1.0,-
FLORIDA,2023,42,"Dengue virus infections, Dengue",1.0,-
FLORIDA,2023,43,"Dengue virus infections, Dengue",,-
FLORIDA,2023,44,"Dengue virus infections, Dengue",3.0,-
FLORIDA,2023,45,"Dengue virus infections, Dengue",,-
FLORIDA,2023,46,"Dengue virus infections, Dengue",1.0,-
FLORIDA,2023,47,"Dengue virus infections, Dengue",6.0,-
FLORIDA,2023,48,"Dengue virus infections, Dengue",1.0,-
FLORIDA,2023,49,"Dengue virus infections, Dengue",13.0,-
FLORIDA,2023,50,"Dengue virus infections, Dengue",,-
FLORIDA,2023,51,"Dengue virus infections, Dengue",,-
FLORIDA,2023,52,"Dengue virus infections, Dengue",,-
FLORIDA,2024,1,"Dengue virus infections, Dengue",,-
FLORIDA,2024,2,"Dengue virus infections, Dengue",,-
FLORIDA,2024,3,"Dengue virus infections, Dengue",1.0,-
FLORIDA,2024,4,"Dengue virus infections, Dengue",,-
FLORIDA,2024,5,"Dengue virus infections, Dengue",,-
FLORIDA,2024,6,"Dengue virus infections, Dengue",,-
FLORIDA,2024,7,"Dengue virus infections, Dengue",1.0,-
FLORIDA,2024,8,"Dengue virus infections, Dengue",,-
FLORIDA,2024,9,"Dengue virus infections, Dengue",,-
FLORIDA,2024,10,"Dengue virus infections, Dengue",,-
FLORIDA,2024,11,"Dengue virus infections, Dengue",,-
FLORIDA,2024,12,"Dengue virus infections, Dengue",,-
FLORIDA,2024,13,"Dengue virus infections, Dengue",,-
FLORIDA,2024,14,"Dengue virus infections, Dengue",,-
FLORIDA,2024,15,"Dengue virus infections, Dengue",2.0,-
FLORIDA,2024,16,"Dengue virus infections, Dengue",,-
FLORIDA,2024,17,"Dengue virus infections, Dengue",,-
FLORIDA,2024,18,"Dengue virus infections, Dengue",,-
FLORIDA,2024,19,"Dengue virus infections, Dengue",4.0,-
FLORIDA,2024,20,"Dengue virus infections, Dengue",,-
FLORIDA,2024,21,"Dengue virus infections, Dengue",,-
FLORIDA,2024,22,"Dengue virus infections, Dengue",,-
FLORIDA,2024,23,"Dengue virus infections, Dengue",,-
FLORIDA,2024,24,"Dengue virus infections, Dengue",4.0,-
FLORIDA,2024,25,"Dengue virus infections, Dengue",,-
FLORIDA,2024,26,"Dengue virus infections, Dengue",,-
FLORIDA,2024,27,"Dengue virus infections, Dengue",1.0,-
FLORIDA,2024,28,"Dengue virus infections, Dengue",4.0,-
FLORIDA,2024,29,"Dengue virus infections, Dengue",1.0,-
FLORIDA,2024,30,"Dengue virus infections, Dengue",,-
FLORIDA,2024,31,"Dengue virus infections, Dengue",,-
FLORIDA,2024,32,"Dengue virus infections, Dengue",,-
FLORIDA,2024,33,"Dengue virus infections, Dengue",1.0,-
FLORIDA,2024,34,"Dengue virus infections, Dengue",1.0,-
FLORIDA,2024,35,"Dengue virus infections, Dengue",,-
FLORIDA,2024,36,"Dengue virus infections, Dengue",,-
FLORIDA,2024,37,"Dengue virus infections, Dengue",,-
FLORIDA,2024,38,"Dengue virus infections, Dengue",6.0,-
FLORIDA,2024,39,"Dengue virus infections, Dengue",4.0,-
FLORIDA,2024,40,"Dengue virus infections, Dengue",6.0,-
FLORIDA,2024,41,"Dengue virus infections, Dengue",1.0,-
FLORIDA,2024,42,"Dengue virus infections, Dengue",15.0,-
FLORIDA,2024,43,"Dengue virus infections, Dengue",12.0,-
FLORIDA,2024,44,"Dengue virus infections, Dengue",8.0,-
FLORIDA,2024,45,"Dengue virus infections, Dengue",,-
FLORIDA,2024,46,"Dengue virus infections, Dengue",,-
FLORIDA,2024,47,"Dengue virus infections, Dengue",,-
FLORIDA,2024,48,"Dengue virus infections, Dengue",7.0,-
FLORIDA,2024,49,"Dengue virus infections, Dengue",,-
FLORIDA,2024,50,"Dengue virus infections, Dengue",8.0,-
FLORIDA,2024,51,"Dengue virus infections, Dengue",,-
FLORIDA,2024,52,"Dengue virus infections, Dengue",,-
SOUTH ATLANTIC,2022,1,"Dengue virus infections, Dengue",,-
SOUTH ATLANTIC,2022,2,"Dengue virus infections, Dengue",2.0,-
SOUTH ATLANTIC,2022,3,"Dengue virus infections, Dengue",,-
SOUTH ATLANTIC,2022,4,"Dengue virus infections, Dengue",,-
SOUTH ATLANTIC,2022,5,"Dengue virus infections, Dengue",,-
SOUTH ATLANTIC,2022,6,"Dengue virus infections, Dengue",,-
SOUTH ATLANTIC,2022,7,"Dengue virus infections, Dengue",,-
SOUTH ATLANTIC,2022,8,"Dengue virus infections, Dengue",1.0,-
SOUTH ATLANTIC,2022,9,"Dengue virus infections, Dengue",,-
SOUTH ATLANTIC,2022,10,"Dengue virus infections, Dengue",,-
SOUTH ATLANTIC,2022,11,"Dengue virus infections, Dengue",3.0,-
SOUTH ATLANTIC,2022,12,"Dengue virus infections, Dengue",,-
SOUTH ATLANTIC,2022,13,"Dengue virus infections, Dengue",,-
SOUTH ATLANTIC,2022,14,"Dengue virus infections, Dengue",,-
SOUTH ATLANTIC,2022,15,"Dengue virus infections, Dengue",,-
SOUTH ATLANTIC,2022,16,"Dengue virus infections, Dengue",,-
SOUTH ATLANTIC,2022,17,"Dengue virus infections, Dengue",,-
SOUTH ATLANTIC,2022,18,"Dengue virus infections, Dengue",,-
SOUTH ATLANTIC,2022,19,"Dengue virus infections, Dengue",,-
SOUTH ATLANTIC,2022,20,"Dengue virus infections, Dengue",,-
SOUTH ATLANTIC,2022,21,"Dengue virus infections, Dengue",,-
SOUTH ATLANTIC,2022,22,"Dengue virus infections, Dengue",,-
SOUTH ATLANTIC,2022,23,"Dengue virus infections, Dengue",,-
SOUTH ATLANTIC,2022,24,"Dengue virus infections, Dengue",,-
SOUTH ATLANTIC,2022,25,"Dengue virus infections, Dengue",1.0,-
SOUTH ATLANTIC,2022,26,"Dengue virus infections, Dengue",1.0,-
SOUTH ATLANTIC,2022,27,"Dengue virus infections, Dengue",,-
SOUTH ATLANTIC,2022,28,"Dengue virus infections, Dengue",,-
SOUTH ATLANTIC,2022,29,"Dengue virus infections, Dengue",7.0,-
SOUTH ATLANTIC,2022,30,"Dengue virus infections, Dengue",8.0,-
SOUTH ATLANTIC,2022,31,"Dengue virus infections, Dengue",14.0,-
SOUTH ATLANTIC,2022,32,"Dengue virus infections, Dengue",3.0,-
SOUTH ATLANTIC,2022,33,"Dengue virus infections, Dengue",2.0,-
SOUTH ATLANTIC,2022,34,"Dengue virus infections, Dengue",4.0,-
SOUTH ATLANTIC,2022,35,"Dengue virus infections, Dengue",,-
SOUTH ATLANTIC,2022,36,"Dengue virus infections, Dengue",30.0,-
SOUTH ATLANTIC,2022,37,"Dengue virus infections, Dengue",3.0,-
SOUTH ATLANTIC,2022,38,"Dengue virus infections, Dengue",3.0,-
SOUTH ATLANTIC,2022,39,"Dengue virus infections, Dengue",1.0,-
SOUTH ATLANTIC,2022,40,"Dengue virus infections, Dengue",1.0,-
SOUTH ATLANTIC,2022,41,"Dengue virus infections, Dengue",27.0,-
SOUTH ATLANTIC,2022,42,"Dengue virus infections, Dengue",3.0,-
SOUTH ATLANTIC,2022,43,"Dengue virus infections, Dengue",3.0,-
SOUTH ATLANTIC,2022,44,"Dengue virus infections, Dengue",10.0,-
SOUTH ATLANTIC,2022,45,"Dengue virus infections, Dengue",10.0,-
SOUTH ATLANTIC,2022,46,"Dengue virus infections, Dengue",,-
SOUTH ATLANTIC,2022,47,"Dengue virus infections, Dengue",3.0,-
SOUTH ATLANTIC,2022,48,"Dengue virus infections, Dengue",1.0,-
SOUTH ATLANTIC,2022,49,"Dengue virus infections, Dengue",1.0,-
SOUTH ATLANTIC,2022,50,"Dengue virus infections, Dengue",1.0,-
SOUTH ATLANTIC,2022,51,"Dengue virus infections, Dengue",,-
SOUTH ATLANTIC,2022,52,"Dengue virus infections, Dengue",,-
SOUTH ATLANTIC,2023,1,"Dengue virus infections, Dengue",,-
SOUTH ATLANTIC,2023,2,"Dengue virus infections, Dengue",,-
SOUTH ATLANTIC,2023,3,"Dengue virus infections, Dengue",,-
SOUTH ATLANTIC,2023,4,"Dengue virus infections, Dengue",2.0,-
SOUTH ATLANTIC,2023,5,"Dengue virus infections, Dengue",,-
SOUTH ATLANTIC,2023,6,"Dengue virus infections, Dengue",,-
SOUTH ATLANTIC,2023,7,"Dengue virus infections, Dengue",1.0,-
SOUTH ATLANTIC,2023,8,"Dengue virus infections, Dengue",,-
SOUTH ATLANTIC,2023,9,"Dengue virus infections, Dengue",,-
SOUTH ATLANTIC,2023,10,"Dengue virus infections, Dengue",,-
SOUTH ATLANTIC,2023,11,"Dengue virus infections, Dengue",,-
SOUTH ATLANTIC,2023,12,"Dengue virus infections, Dengue",,-
SOUTH ATLANTIC,2023,13,"Dengue virus infections, Dengue",,-
SOUTH ATLANTIC,2023,14,"Dengue virus infections, Dengue",,-
SOUTH ATLANTIC,2023,15,"Dengue virus infections, Dengue",,-
SOUTH ATLANTIC,2023,16,"Dengue virus infections, Dengue",,-
SOUTH ATLANTIC,2023,17,"Dengue virus infections, Dengue",,-
SOUTH ATLANTIC,2023,18,"Dengue virus infections, Dengue",,-
SOUTH ATLANTIC,2023,19,"Dengue virus infections, Dengue",,-
SOUTH ATLANTIC,2023,20,"Dengue virus infections, Dengue",,-
SOUTH ATLANTIC,2023,21,"Dengue virus infections, Dengue",1.0,-
SOUTH ATLANTIC,2023,22,"Dengue virus infections, Dengue",,-
SOUTH ATLANTIC,2023,23,"Dengue virus infections, Dengue",,-
SOUTH ATLANTIC,2023,24,"Dengue virus infections, Dengue",1.0,-
SOUTH ATLANTIC,2023,25,"Dengue virus infections, Dengue",,-
SOUTH ATLANTIC,2023,26,"Dengue virus infections, Dengue",1.0,-
SOUTH ATLANTIC,2023,27,"Dengue virus infections, Dengue",1.0,-
SOUTH ATLANTIC,2023,28,"Dengue virus infections, Dengue",,-
SOUTH ATLANTIC,2023,29,"Dengue virus infections, Dengue",,-
SOUTH ATLANTIC,2023,30,"Dengue virus infections, Dengue",,-
SOUTH ATLANTIC,2023,31,"Dengue virus infections, Dengue",2.0,-
SOUTH ATLANTIC,2023,32,"Dengue virus infections, Dengue",,-
SOUTH ATLANTIC,2023,33,"Dengue virus infections, Dengue",1.0,-
SOUTH ATLANTIC,2023,34,"Dengue virus infections, Dengue",3.0,-
SOUTH ATLANTIC,2023,35,"Dengue virus infections, Dengue",2.0,-
SOUTH ATLANTIC,2023,36,"Dengue virus infections, Dengue",,-
SOUTH ATLANTIC,2023,37,"Dengue virus infections, Dengue",9.0,-
SOUTH ATLANTIC,2023,38,"Dengue virus infections, Dengue",2.0,-
SOUTH ATLANTIC,2023,39,"Dengue virus infections, Dengue",1.0,-
SOUTH ATLANTIC,2023,40,"Dengue virus infections, Dengue",10.0,-
SOUTH ATLANTIC,2023,41,"Dengue virus infections, Dengue",1.0,-
SOUTH ATLANTIC,2023,42,"Dengue virus infections, Dengue",2.0,-
SOUTH ATLANTIC,2023,43,"Dengue virus infections, Dengue",,-
SOUTH ATLANTIC,2023,44,"Dengue virus infections, Dengue",5.0,-
SOUTH ATLANTIC,2023,45,"Dengue virus infections, Dengue",,-
SOUTH ATLANTIC,2023,46,"Dengue virus infections, Dengue",1.0,-
SOUTH ATLANTIC,2023,47,"Dengue virus infections, Dengue",6.0,-
SOUTH ATLANTIC,2023,48,"Dengue virus infections, Dengue",1.0,-
SOUTH ATLANTIC,2023,49,"Dengue virus infections, Dengue",13.0,-
SOUTH ATLANTIC,2023,50,"Dengue virus infections, Dengue",,-
SOUTH ATLANTIC,2023,51,"Dengue virus infections, Dengue",,-
SOUTH ATLANTIC,2023,52,"Dengue virus infections, Dengue",,-
SOUTH ATLANTIC,2024,1,"Dengue virus infections, Dengue",,-
SOUTH ATLANTIC,2024,2,"Dengue virus infections, Dengue",,-
SOUTH ATLANTIC,2024,3,"Dengue virus infections, Dengue",2.0,-
SOUTH ATLANTIC,2024,4,"Dengue virus infections, Dengue",1.0,-
SOUTH ATLANTIC,2024,5,"Dengue virus infections, Dengue",,-
SOUTH ATLANTIC,2024,6,"Dengue virus infections, Dengue",,-
SOUTH ATLANTIC,2024,7,"Dengue virus infections, Dengue",1.0,-
SOUTH ATLANTIC,2024,8,"Dengue virus infections, Dengue",,-
SOUTH ATLANTIC,2024,9,"Dengue virus infections, Dengue",1.0,-
SOUTH ATLANTIC,2024,10,"Dengue virus infections, Dengue",,-
SOUTH ATLANTIC,2024,11,"Dengue virus infections, Dengue",,-
SOUTH ATLANTIC,2024,12,"Dengue virus infections, Dengue",2.0,-
SOUTH ATLANTIC,2024,13,"Dengue virus infections, Dengue",2.0,-
SOUTH ATLANTIC,2024,14,"Dengue virus infections, Dengue",,-
SOUTH ATLANTIC,2024,15,"Dengue virus infections, Dengue",2.0,-
SOUTH ATLANTIC,2024,16,"Dengue virus infections, Dengue",,-
SOUTH ATLANTIC,2024,17,"Dengue virus infections, Dengue",,-
SOUTH ATLANTIC,2024,18,"Dengue virus infections, Dengue",1.0,-
SOUTH ATLANTIC,2024,19,"Dengue virus infections, Dengue",4.0,-
SOUTH ATLANTIC,2024,20,"Dengue virus infections, Dengue",2.0,-
SOUTH ATLANTIC,2024,21,"Dengue virus infections, Dengue",,-
SOUTH ATLANTIC,2024,22,"Dengue virus infections, Dengue",1.0,-
SOUTH ATLANTIC,2024,23,"Dengue virus infections, Dengue",,-
SOUTH ATLANTIC,2024,24,"Dengue virus infections, Dengue",4.0,-
SOUTH ATLANTIC,2024,25,"Dengue virus infections, Dengue",,-
SOUTH ATLANTIC,2024,26,"Dengue virus infections, Dengue",,-
SOUTH ATLANTIC,2024,27,"Dengue virus infections, Dengue",2.0,-
SOUTH ATLANTIC,2024,28,"Dengue virus infections, Dengue",4.0,-
SOUTH ATLANTIC,2024,29,"Dengue virus infections, Dengue",2.0,-
SOUTH ATLANTIC,2024,30,"Dengue virus infections, Dengue",4.0,-
SOUTH ATLANTIC,2024,31,"Dengue virus infections, Dengue",2.0,-
SOUTH ATLANTIC,2024,32,"Dengue virus infections, Dengue",3.0,-
SOUTH ATLANTIC,2024,33,"Dengue virus infections, Dengue",2.0,-
SOUTH ATLANTIC,2024,34,"Dengue virus infections, Dengue",8.0,-
SOUTH ATLANTIC,2024,35,"Dengue virus infections, Dengue",3.0,-
SOUTH ATLANTIC,2024,36,"Dengue virus infections, Dengue",4.0,-
SOUTH ATLANTIC,2024,37,"Dengue virus infections, Dengue",4.0,-
SOUTH ATLANTIC,2024,38,"Dengue virus infections, Dengue",10.0,-
SOUTH ATLANTIC,2024,39,"Dengue virus infections, Dengue",5.0,-
SOUTH ATLANTIC,2024,40,"Dengue virus infections, Dengue",7.0,-
SOUTH ATLANTIC,2024,41,"Dengue virus infections, Dengue",1.0,-
SOUTH ATLANTIC,2024,42,"Dengue virus infections, Dengue",15.0,-
SOUTH ATLANTIC,2024,43,"Dengue virus infections, Dengue",13.0,-
SOUTH ATLANTIC,2024,44,"Dengue virus infections, Dengue",8.0,-
SOUTH ATLANTIC,2024,45,"Dengue virus infections, Dengue",1.0,-
SOUTH ATLANTIC,2024,46,"Dengue virus infections, Dengue",1.0,-
SOUTH ATLANTIC,2024,47,"Dengue virus infections, Dengue",,-
SOUTH ATLANTIC,2024,48,"Dengue virus infections, Dengue",7.0,-
SOUTH ATLANTIC,2024,49,"Dengue virus infections, Dengue",1.0,-
SOUTH ATLANTIC,2024,50,"Dengue virus infections, Dengue",9.0,-
SOUTH ATLANTIC,2024,51,"Dengue virus infections, Dengue",,-
SOUTH ATLANTIC,2024,52,"Dengue virus infections, Dengue",,-
TOTAL,2022,1,"Dengue virus infections, Dengue",,-
TOTAL,2022,2,"Dengue virus infections, Dengue",2.0,-
TOTAL,2022,3,"Dengue virus infections, Dengue",,-
TOTAL,2022,4,"Dengue virus infections, Dengue",1.0,-
TOTAL,2022,5,"Dengue virus infections, Dengue",,-
TOTAL,2022,6,"Dengue virus infections, Dengue",,-
TOTAL,2022,7,"Dengue virus infections, Dengue",,-
TOTAL,2022,8,"Dengue virus infections, Dengue",1.0,-
TOTAL,2022,9,"Dengue virus infections, Dengue",,-
TOTAL,2022,10,"Dengue virus infections, Dengue",,-
TOTAL,2022,11,"Dengue virus infections, Dengue",3.0,-
TOTAL,2022,12,"Dengue virus infections, Dengue",,-
TOTAL,2022,13,"Dengue virus infections, Dengue",,-
TOTAL,2022,14,"Dengue virus infections, Dengue",,-
TOTAL,2022,15,"Dengue virus infections, Dengue",,-
TOTAL,2022,16,"Dengue virus infections, Dengue",,-
TOTAL,2022,17,"Dengue virus infections, Dengue",,-
TOTAL,2022,18,"Dengue virus infections, Dengue",,-
TOTAL,2022,19,"Dengue virus infections, Dengue",,-
TOTAL,2022,20,"Dengue virus infections, Dengue",,-
TOTAL,2022,21,"Dengue virus infections, Dengue",,-
TOTAL,2022,22,"Dengue virus infections, Dengue",,-
TOTAL,2022,23,"Dengue virus infections, Dengue",,-
TOTAL,2022,24,"Dengue virus infections, Dengue",,-
TOTAL,2022,25,"Dengue virus infections, Dengue",1.0,-
TOTAL,2022,26,"Dengue virus infections, Dengue",1.0,-
TOTAL,2022,27,"Dengue virus infections, Dengue",,-
TOTAL,2022,28,"Dengue virus infections, Dengue",,-
TOTAL,2022,29,"Dengue virus infections, Dengue",7.0,-
TOTAL,2022,30,"Dengue virus infections, Dengue",8.0,-
TOTAL,2022,31,"Dengue virus infections, Dengue",14.0,-
TOTAL,2022,32,"Dengue virus infections, Dengue",3.0,-
TOTAL,2022,33,"Dengue virus infections, Dengue",3.0,-
TOTAL,2022,34,"Dengue virus infections, Dengue",5.0,-
TOTAL,2022,35,"Dengue virus infections, Dengue",1.0,-
TOTAL,2022,36,"Dengue virus infections, Dengue",31.0,-
TOTAL,2022,37,"Dengue virus infections, Dengue",4.0,-
TOTAL,2022,38,"Dengue virus infections, Dengue",3.0,-
TOTAL,2022,39,"Dengue virus infections, Dengue",1.0,-
TOTAL,2022,40,"Dengue virus infections, Dengue",2.0,-
TOTAL,2022,41,"Dengue virus infections, Dengue",29.0,-
TOTAL,2022,42,"Dengue virus infections, Dengue",7.0,-
TOTAL,2022,43,"Dengue virus infections, Dengue",4.0,-
TOTAL,2022,44,"Dengue virus infections, Dengue",11.0,-
TOTAL,2022,45,"Dengue virus infections, Dengue",10.0,-
TOTAL,2022,46,"Dengue virus infections, Dengue",,-
TOTAL,2022,47,"Dengue virus infections, Dengue",3.0,-
TOTAL,2022,48,"Dengue virus infections, Dengue",1.0,-
TOTAL,2022,49,"Dengue virus infections, Dengue",1.0,-
TOTAL,2022,50,"Dengue virus infections, Dengue",1.0,-
TOTAL,2022,51,"Dengue virus infections, Dengue",,-
TOTAL,2022,52,"Dengue virus infections, Dengue",,-
TOTAL,2023,1,"Dengue virus infections, Dengue",,-
TOTAL,2023,2,"Dengue virus infections, Dengue",,-
TOTAL,2023,3,"Dengue virus infections, Dengue",,-
TOTAL,2023,4,"Dengue virus infections, Dengue",2.0,-
TOTAL,2023,5,"Dengue virus infections, Dengue",1.0,-
TOTAL,2023,6,"Dengue virus infections, Dengue",,-
TOTAL,2023,7,"Dengue virus infections, Dengue",2.0,-
TOTAL,2023,8,"Dengue virus infections, Dengue",,-
TOTAL,2023,9,"Dengue virus infections, Dengue",,-
TOTAL,2023,10,"Dengue virus infections, Dengue",1.0,-
TOTAL,2023,11,"Dengue virus infections, Dengue",,-
TOTAL,2023,12,"Dengue virus infections, Dengue",,-
TOTAL,2023,13,"Dengue virus infections, Dengue",,-
TOTAL,2023,14,"Dengue virus infections, Dengue",,-
TOTAL,2023,15,"Dengue virus infections, Dengue",,-
TOTAL,2023,16,"Dengue virus infections, Dengue",,-
TOTAL,2023,17,"Dengue virus infections, Dengue",1.0,-
TOTAL,2023,18,"Dengue virus infections, Dengue",,-
TOTAL,2023,19,"Dengue virus infections, Dengue",1.0,-
TOTAL,2023,20,"Dengue virus infections, Dengue",,-
TOTAL,2023,21,"Dengue virus infections, Dengue",1.0,-
TOTAL,2023,22,"Dengue virus infections, Dengue",,-
TOTAL,2023,23,"Dengue virus infections, Dengue",,-
TOTAL,2023,24,"Dengue virus infections, Dengue",1.0,-
TOTAL,2023,25,"Dengue virus infections, Dengue",,-
TOTAL,2023,26,"Dengue virus infections, Dengue",1.0,-
TOTAL,2023,27,"Dengue virus infections, Dengue",2.0,-
TOTAL,2023,28,"Dengue virus infections, Dengue",1.0,-
TOTAL,2023,29,"Dengue virus infections, Dengue",2.0,-
TOTAL,2023,30,"Dengue virus infections, Dengue",2.0,-
TOTAL,2023,31,"Dengue virus infections, Dengue",2.0,-
TOTAL,2023,32,"Dengue virus infections, Dengue",,-
TOTAL,2023,33,"Dengue virus infections, Dengue",5.0,-
TOTAL,2023,34,"Dengue virus infections, Dengue",4.0,-
TOTAL,2023,35,"Dengue virus infections, Dengue",2.0,-
TOTAL,2023,36,"Dengue virus infections, Dengue",3.0,-
TOTAL,2023,37,"Dengue virus infections, Dengue",12.0,-
TOTAL,2023,38,"Dengue virus infections, Dengue",6.0,-
TOTAL,2023,39,"Dengue virus infections, Dengue",2.0,-
TOTAL,2023,40,"Dengue virus infections, Dengue",11.0,-
TOTAL,2023,41,"Dengue virus infections, Dengue",1.0,-
TOTAL,2023,42,"Dengue virus infections, Dengue",5.0,-
TOTAL,2023,43,"Dengue virus infections, Dengue",5.0,-
TOTAL,2023,44,"Dengue virus infections, Dengue",13.0,-
TOTAL,2023,45,"Dengue virus infections, Dengue",3.0,-
TOTAL,2023,46,"Dengue virus infections, Dengue",3.0,-
TOTAL,2023,47,"Dengue virus infections, Dengue",6.0,-
TOTAL,2023,48,"Dengue virus infections, Dengue",3.0,-
TOTAL,2023,49,"Dengue virus infections, Dengue",14.0,-
TOTAL,2023,50,"Dengue virus infections, Dengue",1.0,-
TOTAL,2023,51,"Dengue virus infections, Dengue",,-
TOTAL,2023,52,"Dengue virus infections, Dengue",,-
TOTAL,2024,1,"Dengue virus infections, Dengue",,-
TOTAL,2024,2,"Dengue virus infections, Dengue",,-
TOTAL,2024,3,"Dengue virus infections, Dengue",2.0,-
TOTAL,2024,4,"Dengue virus infections, Dengue",3.0,-
TOTAL,2024,5,"Dengue virus infections, Dengue",3.0,-
TOTAL,2024,6,"Dengue virus infections, Dengue",1.0,-
TOTAL,2024,7,"Dengue virus infections, Dengue",1.0,-
TOTAL,2024,8,"Dengue virus infections, Dengue",,-
TOTAL,2024,9,"Dengue virus infections, Dengue",1.0,-
TOTAL,2024,10,"Dengue virus infections, Dengue",1.0,-
TOTAL,2024,11,"Dengue virus infections, Dengue",2.0,-
TOTAL,2024,12,"Dengue virus infections, Dengue",3.0,-
TOTAL,2024,13,"Dengue virus infections, Dengue",2.0,-
TOTAL,2024,14,"Dengue virus infections, Dengue",4.0,-
TOTAL,2024,15,"Dengue virus infections, Dengue",3.0,-
TOTAL,2024,16,"Dengue virus infections, Dengue",2.0,-
TOTAL,2024,17,"Dengue virus infections, Dengue",1.0,-
TOTAL,2024,18,"Dengue virus infections, Dengue",2.0,-
TOTAL,2024,19,"Dengue virus infections, Dengue",6.0,-
TOTAL,2024,20,"Dengue virus infections, Dengue",6.0,-
TOTAL,2024,21,"Dengue virus infections, Dengue",1.0,-
TOTAL,2024,22,"Dengue virus infections, Dengue",2.0,-
TOTAL,2024,23,"Dengue virus infections, Dengue",,-
TOTAL,2024,24,"Dengue virus infections, Dengue",10.0,-
TOTAL,2024,25,"Dengue virus infections, Dengue",3.0,-
TOTAL,2024,26,"Dengue virus infections, Dengue",3.0,-
TOTAL,2024,27,"Dengue virus infections, Dengue",2.0,-
TOTAL,2024,28,"Dengue virus infections, Dengue",4.0,-
TOTAL,2024,29,"Dengue virus infections, Dengue",3.0,-
TOTAL,2024,30,"Dengue virus infections, Dengue",4.0,-
TOTAL,2024,31,"Dengue virus infections, Dengue",7.0,-
TOTAL,2024,32,"Dengue virus infections, Dengue",6.0,-
TOTAL,2024,33,"Dengue virus infections, Dengue",4.0,-
TOTAL,2024,34,"Dengue virus infections, Dengue",14.0,-
TOTAL,2024,35,"Dengue virus infections, Dengue",7.0,-
TOTAL,2024,36,"Dengue virus infections, Dengue",6.0,-
TOTAL,2024,37,"Dengue virus infections, Dengue",13.0,-
TOTAL,2024,38,"Dengue virus infections, Dengue",16.0,-
TOTAL,2024,39,"Dengue virus infections, Dengue",8.0,-
TOTAL,2024,40,"Dengue virus infections, Dengue",13.0,-
TOTAL,2024,41,"Dengue virus infections, Dengue",4.0,-
TOTAL,2024,42,"Dengue virus infections, Dengue",18.0,-
TOTAL,2024,43,"Dengue virus infections, Dengue",15.0,-
TOTAL,2024,44,"Dengue virus infections, Dengue",10.0,-
TOTAL,2024,45,"Dengue virus infections, Dengue",4.0,-
TOTAL,2024,46,"Dengue virus infections, Dengue",1.0,-
TOTAL,2024,47,"Dengue virus infections, Dengue",1.0,-
TOTAL,2024,48,"Dengue virus infections, Dengue",12.0,-
TOTAL,2024,49,"Dengue virus infections, Dengue",3.0,-
TOTAL,2024,50,"Dengue virus infections, Dengue",11.0,-
TOTAL,2024,51,"Dengue virus infections, Dengue",1.0,-
TOTAL,2024,52,"Dengue virus infections, Dengue",1.0,-
Total,2025,1,"Dengue virus infections, Dengue",12.0,
Total,2025,2,"Dengue virus infections, Dengue",9.0,
Total,2025,3,"Dengue virus infections, Dengue",1.0,
Total,2025,4,"Dengue virus infections, Dengue",6.0,
Total,2025,5,"Dengue virus infections, Dengue",4.0,
Total,2025,6,"Dengue virus infections, Dengue",6.0,
Total,2025,7,"Dengue virus infections, Dengue",3.0,
Total,2025,8,"Dengue virus infections, Dengue",1.0,
Total,2025,9,"Dengue virus infections, Dengue",7.0,
Total,2025,10,"Dengue virus infections, Dengue",,-
Total,2025,11,"Dengue virus infections, Dengue",2.0,
Total,2025,12,"Dengue virus infections, Dengue",,-
Total,2025,13,"Dengue virus infections, Dengue",3.0,
Total,2025,14,"Dengue virus infections, Dengue",,-
Total,2025,15,"Dengue virus infections, Dengue",1.0,
Total,2025,16,"Dengue virus infections, Dengue",1.0,
Total,2025,17,"Dengue virus infections, Dengue",3.0,
Total,2025,18,"Dengue virus infections, Dengue",2.0,
Total,2025,19,"Dengue virus infections, Dengue",2.0,
Total,2025,20,"Dengue virus infections, Dengue",2.0,
Total,2025,21,"Dengue virus infections, Dengue",,-
Total,2025,22,"Dengue virus infections, Dengue",,-
Total,2025,23,"Dengue virus infections, Dengue",2.0,
Total,2025,24,"Dengue virus infections, Dengue",1.0,
Total,2025,25,"Dengue virus infections, Dengue",,-
Total,2025,26,"Dengue virus infections, Dengue",1.0,
Total,2025,27,"Dengue virus infections, Dengue",,-
Total,2025,28,"Dengue virus infections, Dengue",6.0,
Total,2025,29,"Dengue virus infections, Dengue",3.0,
Total,2025,30,"Dengue virus infections, Dengue",2.0,
Total,2025,31,"Dengue virus infections, Dengue",3.0,
Total,2025,32,"Dengue virus infections, Dengue",10.0,
Total,2025,33,"Dengue virus infections, Dengue",1.0,
Total,2025,34,"Dengue virus infections, Dengue",1.0,
Total,2025,35,"Dengue virus infections, Dengue",3.0,
Total,2025,36,"Dengue virus infections, Dengue",8.0,
Total,2025,37,"Dengue virus infections, Dengue",4.0,
Total,2025,38,"Dengue virus infections, Dengue",12.0,
Total,2025,39,"Dengue virus infections, Dengue",6.0,
Total,2025,40,"Dengue virus infections, Dengue",7.0,
Total,2025,41,"Dengue virus infections, Dengue",7.0,
Total,2025,42,"Dengue virus infections, Dengue",12.0,
Total,2025,43,"Dengue virus infections, Dengue",8.0,
Total,2025,44,"Dengue virus infections, Dengue",4.0,
Total,2025,45,"Dengue virus infections, Dengue",1.0,
Total,2025,46,"Dengue virus infections, Dengue",2.0,
Total,2025,47,"Dengue virus infections, Dengue",21.0,
Total,2025,48,"Dengue virus infections, Dengue",2.0,
Total,2025,49,"Dengue virus infections, Dengue",4.0,
Total,2025,50,"Dengue virus infections, Dengue",2.0,
Total,2025,51,"Dengue virus infections, Dengue",2.0,
Total,2025,52,"Dengue virus infections, Dengue",2.0,
Total,2025,53,"Dengue virus infections, Dengue",1.0,
Total,2026,1,"Dengue virus infections, Dengue",4.0,
Total,2026,2,"Dengue virus infections, Dengue",,-
Total,2026,3,"Dengue virus infections, Dengue",2.0,
Total,2026,4,"Dengue virus infections, Dengue",,-
Total,2026,5,"Dengue virus infections, Dengue",1.0,
Total,2026,6,"Dengue virus infections, Dengue",,-
Total,2026,7,"Dengue virus infections, Dengue",,-
Total,2026,8,"Dengue virus infections, Dengue",,-
Total,2026,9,"Dengue virus infections, Dengue",,-
Total,2026,10,"Dengue virus infections, Dengue",,-
Total,2026,11,"Dengue virus infections, Dengue",1.0,
Total,2026,12,"Dengue virus infections, Dengue",5.0,
Total,2026,13,"Dengue virus infections, Dengue",,-
Total,2026,14,"Dengue virus infections, Dengue",,-
Total,2026,15,"Dengue virus infections, Dengue",1.0,
Total,2026,16,"Dengue virus infections, Dengue",,-
Total,2026,17,"Dengue virus infections, Dengue",,-
Total,2026,18,"Dengue virus infections, Dengue",,-
Total,2026,19,"Dengue virus infections, Dengue",,-
Total,2026,20,"Dengue virus infections, Dengue",,-
Total,2026,21,"Dengue virus infections, Dengue",1.0,
Total,2026,22,"Dengue virus infections, Dengue",1.0,
Total,2026,23,"Dengue virus infections, Dengue",1.0,
Total,2026,24,"Dengue virus infections, Dengue",1.0,
Total,2026,25,"Dengue virus infections, Dengue",1.0,
Total,2026,26,"Dengue virus infections, Dengue",,-
Total,2026,27,"Dengue virus infections, Dengue",2.0,
Total,2026,28,"Dengue virus infections, Dengue",2.0,
Total,2026,29,"Dengue virus infections, Dengue",3.0,
Total,2026,30,"Dengue virus infections, Dengue",3.0,
Total,2026,31,"Dengue virus infections, Dengue",2.0,
Total,2026,32,"Dengue virus infections, Dengue",15.0,
Total,2026,33,"Dengue virus infections, Dengue",23.0,
Total,2026,34,"Dengue virus infections, Dengue",1.0,
Total,2026,35,"Dengue virus infections, Dengue",,-
Total,2026,36,"Dengue virus infections, Dengue",,-
Total,2026,37,"Dengue virus infections, Dengue",3.0,
US RESIDENTS,2022,1,"Dengue virus infections, Dengue",,-
US RESIDENTS,2022,2,"Dengue virus infections, Dengue",2.0,-
US RESIDENTS,2022,3,"Dengue virus infections, Dengue",,-
US RESIDENTS,2022,4,"Dengue virus infections, Dengue",1.0,-
US RESIDENTS,2022,5,"Dengue virus infections, Dengue",,-
US RESIDENTS,2022,6,"Dengue virus infections, Dengue",,-
US RESIDENTS,2022,7,"Dengue virus infections, Dengue",,-
US RESIDENTS,2022,8,"Dengue virus infections, Dengue",1.0,-
US RESIDENTS,2022,9,"Dengue virus infections, Dengue",,-
US RESIDENTS,2022,10,"Dengue virus infections, Dengue",,-
US RESIDENTS,2022,11,"Dengue virus infections, Dengue",3.0,-
US RESIDENTS,2022,12,"Dengue virus infections, Dengue",,-
US RESIDENTS,2022,13,"Dengue virus infections, Dengue",,-
US RESIDENTS,2022,14,"Dengue virus infections, Dengue",,-
US RESIDENTS,2022,15,"Dengue virus infections, Dengue",,-
US RESIDENTS,2022,16,"Dengue virus infections, Dengue",,-
US RESIDENTS,2022,17,"Dengue virus infections, Dengue",,-
US RESIDENTS,2022,18,"Dengue virus infections, Dengue",,-
US RESIDENTS,2022,19,"Dengue virus infections, Dengue",,-
US RESIDENTS,2022,20,"Dengue virus infections, Dengue",,-
US RESIDENTS,2022,21,"Dengue virus infections, Dengue",,-
US RESIDENTS,2022,22,"Dengue virus infections, Dengue",,-
US RESIDENTS,2022,23,"Dengue virus infections, Dengue",,-
US RESIDENTS,2022,24,"Dengue virus infections, Dengue",,-
US RESIDENTS,2022,25,"Dengue virus infections, Dengue",1.0,-
US RESIDENTS,2022,26,"Dengue virus infections, Dengue",1.0,-
US RESIDENTS,2022,27,"Dengue virus infections, Dengue",,-
US RESIDENTS,2022,28,"Dengue virus infections, Dengue",,-
US RESIDENTS,2022,29,"Dengue virus infections, Dengue",7.0,-
US RESIDENTS,2022,30,"Dengue virus infections, Dengue",8.0,-
US RESIDENTS,2022,31,"Dengue virus infections, Dengue",14.0,-
US RESIDENTS,2022,32,"Dengue virus infections, Dengue",3.0,-
US RESIDENTS,2022,33,"Dengue virus infections, Dengue",3.0,-
US RESIDENTS,2022,34,"Dengue virus infections, Dengue",5.0,-
US RESIDENTS,2022,35,"Dengue virus infections, Dengue",1.0,-
US RESIDENTS,2022,36,"Dengue virus infections, Dengue",31.0,-
US RESIDENTS,2022,37,"Dengue virus infections, Dengue",4.0,-
US RESIDENTS,2022,38,"Dengue virus infections, Dengue",3.0,-
US RESIDENTS,2022,39,"Dengue virus infections, Dengue",1.0,-
US RESIDENTS,2022,40,"Dengue virus infections, Dengue",2.0,-
US RESIDENTS,2022,41,"Dengue virus infections, Dengue",29.0,-
US RESIDENTS,2022,42,"Dengue virus infections, Dengue",7.0,-
US RESIDENTS,2022,43,"Dengue virus infections, Dengue",4.0,-
US RESIDENTS,2022,44,"Dengue virus infections, Dengue",11.0,-
US RESIDENTS,2022,45,"Dengue virus infections, Dengue",10.0,-
US RESIDENTS,2022,46,"Dengue virus infections, Dengue",,-
US RESIDENTS,2022,47,"Dengue virus infections, Dengue",3.0,-
US RESIDENTS,2022,48,"Dengue virus infections, Dengue",1.0,-
US RESIDENTS,2022,49,"Dengue virus infections, Dengue",1.0,-
US RESIDENTS,2022,50,"Dengue virus infections, Dengue",1.0,-
US RESIDENTS,2022,51,"Dengue virus infections, Dengue",,-
US RESIDENTS,2022,52,"Dengue virus infections, Dengue",,-
US RESIDENTS,2023,1,"Dengue virus infections, Dengue",,-
US RESIDENTS,2023,2,"Dengue virus infections, Dengue",,-
US RESIDENTS,2023,3,"Dengue virus infections, Dengue",,-
US RESIDENTS,2023,4,"Dengue virus infections, Dengue",2.0,-
US RESIDENTS,2023,5,"Dengue virus infections, Dengue",1.0,-
US RESIDENTS,2023,6,"Dengue virus infections, Dengue",,-
US RESIDENTS,2023,7,"Dengue virus infections, Dengue",2.0,-
US RESIDENTS,2023,8,"Dengue virus infections, Dengue",,-
US RESIDENTS,2023,9,"Dengue virus infections, Dengue",,-
US RESIDENTS,2023,10,"Dengue virus infections, Dengue",1.0,-
US RESIDENTS,2023,11,"Dengue virus infections, Dengue",,-
US RESIDENTS,2023,12,"Dengue virus infections, Dengue",,-
US RESIDENTS,2023,13,"Dengue virus infections, Dengue",,-
US RESIDENTS,2023,14,"Dengue virus infections, Dengue",,-
US RESIDENTS,2023,15,"Dengue virus infections, Dengue",,-
US RESIDENTS,2023,16,"Dengue virus infections, Dengue",,-
US RESIDENTS,2023,17,"Dengue virus infections, Dengue",1.0,-
US RESIDENTS,2023,18,"Dengue virus infections, Dengue",,-
US RESIDENTS,2023,19,"Dengue virus infections, Dengue",1.0,-
US RESIDENTS,2023,20,"Dengue virus infections, Dengue",,-
US RESIDENTS,2023,21,"Dengue virus infections, Dengue",1.0,-
US RESIDENTS,2023,22,"Dengue virus infections, Dengue",,-
US RESIDENTS,2023,23,"Dengue virus infections, Dengue",,-
US RESIDENTS,2023,24,"Dengue virus infections, Dengue",1.0,-
US RESIDENTS,2023,25,"Dengue virus infections, Dengue",,-
US RESIDENTS,2023,26,"Dengue virus infections, Dengue",1.0,-
US RESIDENTS,2023,27,"Dengue virus infections, Dengue",2.0,-
US RESIDENTS,2023,28,"Dengue virus infections, Dengue",1.0,-
US RESIDENTS,2023,29,"Dengue virus infections, Dengue",2.0,-
US RESIDENTS,2023,30,"Dengue virus infections, Dengue",2.0,-
US RESIDENTS,2023,31,"Dengue virus infections, Dengue",2.0,-
US RESIDENTS,2023,32,"Dengue virus infections, Dengue",,-
US RESIDENTS,2023,33,"Dengue virus infections, Dengue",5.0,-
US RESIDENTS,2023,34,"Dengue virus infections, Dengue",4.0,-
US RESIDENTS,2023,35,"Dengue virus infections, Dengue",2.0,-
US RESIDENTS,2023,36,"Dengue virus infections, Dengue",3.0,-
US RESIDENTS,2023,37,"Dengue virus infections, Dengue",12.0,-
US RESIDENTS,2023,38,"Dengue virus infections, Dengue",6.0,-
US RESIDENTS,2023,39,"Dengue virus infections, Dengue",2.0,-
US RESIDENTS,2023,40,"Dengue virus infections, Dengue",11.0,-
US RESIDENTS,2023,41,"Dengue virus infections, Dengue",1.0,-
US RESIDENTS,2023,42,"Dengue virus infections, Dengue",5.0,-
US RESIDENTS,2023,43,"Dengue virus infections, Dengue",5.0,-
US RESIDENTS,2023,44,"Dengue virus infections, Dengue",13.0,-
US RESIDENTS,2023,45,"Dengue virus infections, Dengue",3.0,-
US RESIDENTS,2023,46,"Dengue virus infections, Dengue",3.0,-
US RESIDENTS,2023,47,"Dengue virus infections, Dengue",6.0,-
US RESIDENTS,2023,48,"Dengue virus infections, Dengue",3.0,-
US RESIDENTS,2023,49,"Dengue virus infections, Dengue",14.0,-
US RESIDENTS,2023,50,"Dengue virus infections, Dengue",1.0,-
US RESIDENTS,2023,51,"Dengue virus infections, Dengue",,-
US RESIDENTS,2023,52,"Dengue virus infections, Dengue",,-
US RESIDENTS,2024,1,"Dengue virus infections, Dengue",,-
US RESIDENTS,2024,2,"Dengue virus infections, Dengue",,-
US RESIDENTS,2024,3,"Dengue virus infections, Dengue",2.0,-
US RESIDENTS,2024,4,"Dengue virus infections, Dengue",3.0,-
US RESIDENTS,2024,5,"Dengue virus infections, Dengue",3.0,-
US RESIDENTS,2024,6,"Dengue virus infections, Dengue",1.0,-
US RESIDENTS,2024,7,"Dengue virus infections, Dengue",1.0,-
US RESIDENTS,2024,8,"Dengue virus infections, Dengue",,-
US RESIDENTS,2024,9,"Dengue virus infections, Dengue",1.0,-
US RESIDENTS,2024,10,"Dengue virus infections, Dengue",1.0,-
US RESIDENTS,2024,11,"Dengue virus infections, Dengue",2.0,-
US RESIDENTS,2024,12,"Dengue virus infections, Dengue",3.0,-
US RESIDENTS,2024,13,"Dengue virus infections, Dengue",2.0,-
US RESIDENTS,2024,14,"Dengue virus infections, Dengue",4.0,-
US RESIDENTS,2024,15,"Dengue virus infections, Dengue",3.0,-
US RESIDENTS,2024,16,"Dengue virus infections, Dengue",2.0,-
US RESIDENTS,2024,17,"Dengue virus infections, Dengue",1.0,-
US RESIDENTS,2024,18,"Dengue virus infections, Dengue",2.0,-
US RESIDENTS,2024,19,"Dengue virus infections, Dengue",6.0,-
US RESIDENTS,2024,20,"Dengue virus infections, Dengue",6.0,-
US RESIDENTS,2024,21,"Dengue virus infections, Dengue",1.0,-
US RESIDENTS,2024,22,"Dengue virus infections, Dengue",2.0,-
US RESIDENTS,2024,23,"Dengue virus infections, Dengue",,-
US RESIDENTS,2024,24,"Dengue virus infections, Dengue",7.0,-
US RESIDENTS,2024,25,"Dengue virus infections, Dengue",3.0,-
US RESIDENTS,2024,26,"Dengue virus infections, Dengue",3.0,-
US RESIDENTS,2024,27,"Dengue virus infections, Dengue",2.0,-
US RESIDENTS,2024,28,"Dengue virus infections, Dengue",4.0,-
US RESIDENTS,2024,29,"Dengue virus infections, Dengue",3.0,-
US RESIDENTS,2024,30,"Dengue virus infections, Dengue",4.0,-
US RESIDENTS,2024,31,"Dengue virus infections, Dengue",7.0,-
US RESIDENTS,2024,32,"Dengue virus infections, Dengue",6.0,-
US RESIDENTS,2024,33,"Dengue virus infections, Dengue",4.0,-
US RESIDENTS,2024,34,"Dengue virus infections, Dengue",14.0,-
US RESIDENTS,2024,35,"Dengue virus infections, Dengue",7.0,-
US RESIDENTS,2024,36,"Dengue virus infections, Dengue",6.0,-
US RESIDENTS,2024,37,"Dengue virus infections, Dengue",13.0,-
US RESIDENTS,2024,38,"Dengue virus infections, Dengue",15.0,-
US RESIDENTS,2024,39,"Dengue virus infections, Dengue",8.0,-
US RESIDENTS,2024,40,"Dengue virus infections, Dengue",12.0,-
US RESIDENTS,2024,41,"Dengue virus infections, Dengue",4.0,-
US RESIDENTS,2024,42,"Dengue virus infections, Dengue",18.0,-
US RESIDENTS,2024,43,"Dengue virus infections, Dengue",15.0,-
US RESIDENTS,2024,44,"Dengue virus infections, Dengue",10.0,-
US RESIDENTS,2024,45,"Dengue virus infections, Dengue",4.0,-
US RESIDENTS,2024,46,"Dengue virus infections, Dengue",1.0,-
US RESIDENTS,2024,47,"Dengue virus infections, Dengue",1.0,-
US RESIDENTS,2024,48,"Dengue virus infections, Dengue",10.0,-
US RESIDENTS,2024,49,"Dengue virus infections, Dengue",2.0,-
US RESIDENTS,2024,50,"Dengue virus infections, Dengue",11.0,-
US RESIDENTS,2024,51,"Dengue virus infections, Dengue",1.0,-
US RESIDENTS,2024,52,"Dengue virus infections, Dengue",1.0,-
