location,date,actual,prediction,lower_bound,upper_bound,confidence_level
SOUTH ATLANTIC,2024-05-13,2.0,2.7838827122386487,1.285243649241558,4.28252177523574,0.95
SOUTH ATLANTIC,2024-05-20,1.5,2.331508858306828,0.6261105160366374,4.036907200577019,0.95
SOUTH ATLANTIC,2024-05-27,1.0,2.1491782560123722,0.35048911584135056,3.947867396183394,0.95
SOUTH ATLANTIC,2024-06-03,2.5,2.0623290681268514,0.19911254160148406,3.9255455946522186,0.95
SOUTH ATLANTIC,2024-06-10,4.0,2.009239975036652,0.09107976971943166,3.927400180353872,0.95
SOUTH ATLANTIC,2024-06-17,3.3333333333333335,1.9680874393218888,0.0,3.937212083263775,0.95
SOUTH ATLANTIC,2024-06-24,2.666666666666667,1.9657768415986732,0.0,3.9837481269068684,0.95
SOUTH ATLANTIC,2024-07-01,2.0,2.4496840812670513,0.384306579403066,4.515061583131036,0.95
SOUTH ATLANTIC,2024-07-08,4.0,3.1235263312292707,1.011905169482569,5.2351474929759725,0.95
SOUTH ATLANTIC,2024-07-15,2.0,3.797556142115381,1.6407166697927043,5.954395614438058,0.95
SOUTH ATLANTIC,2024-07-22,4.0,4.229285387853639,2.028168153254414,6.430402622452863,0.95
SOUTH ATLANTIC,2024-07-29,2.0,5.872867193527645,3.6283495917880892,8.117384795267201,0.95
SOUTH ATLANTIC,2024-08-05,3.0,2.8280489500692094,0.5409558283333844,5.115142071805034,0.95
SOUTH ATLANTIC,2024-08-12,2.0,2.2068747566424576,0.0,4.535764692191465,0.95
SOUTH ATLANTIC,2024-08-19,8.0,4.206861208816606,1.8369116516450208,6.57681076598819,0.95
SOUTH ATLANTIC,2024-08-26,3.0,6.599932860480584,4.189623090376671,9.010242630584496,0.95
SOUTH ATLANTIC,2024-09-02,4.0,12.402393074016134,9.952387896358456,14.852398251673812,0.95
SOUTH ATLANTIC,2024-09-09,4.0,8.51031267101633,6.021245071008273,10.999380271024386,0.95
SOUTH ATLANTIC,2024-09-16,10.0,3.206883314171617,0.6793569242649795,5.734409704078255,0.95
SOUTH ATLANTIC,2024-09-23,5.0,1.9645228206625018,0.0,4.5299315175198895,0.95
SOUTH ATLANTIC,2024-09-30,7.0,8.783224416123318,6.180484722702143,11.385964109544492,0.95
SOUTH ATLANTIC,2024-10-07,1.0,8.265954839725127,5.626412067887435,10.905497611562819,0.95
SOUTH ATLANTIC,2024-10-14,15.0,3.2068543217266345,0.5310146056180542,5.882694037835215,0.95
SOUTH ATLANTIC,2024-10-21,13.0,4.3433250915821615,1.6316742373639115,7.054975945800411,0.95
SOUTH ATLANTIC,2024-10-28,8.0,7.176317760194966,4.429322565393598,9.923312954996334,0.95
SOUTH ATLANTIC,2024-11-04,1.0,5.661033397414085,2.879142842239874,8.442923952588297,0.95
SOUTH ATLANTIC,2024-11-11,1.0,3.297474148801416,0.4811204545461898,6.113827843056642,0.95
SOUTH ATLANTIC,2024-11-18,4.0,6.237326223673006,3.38692573905745,9.087726708288562,0.95
SOUTH ATLANTIC,2024-11-25,7.0,1.9642593478871182,0.0,4.848305561612501,0.95
SOUTH ATLANTIC,2024-12-02,1.0,11.055397650139822,8.138091399590827,13.972703900688817,0.95
SOUTH ATLANTIC,2024-12-09,9.0,9.664988203019902,6.714790575330941,12.615185830708864,0.95
TOTAL,2024-05-27,2.0,1.4737582063348669,0.0,4.4772773298804225,0.95
TOTAL,2024-06-03,6.0,1.5865319448447004,0.0,4.864431722442277,0.95
TOTAL,2024-06-10,10.0,1.5568779781242463,0.0,4.894370332495641,0.95
TOTAL,2024-06-17,3.0,1.4710288511632896,0.0,4.825117517594755,0.95
TOTAL,2024-06-24,3.0,1.4854768156506415,0.0,4.845060491164744,0.95
TOTAL,2024-07-01,2.0,3.3484617330986026,0.0,6.710050651501461,0.95
TOTAL,2024-07-08,4.0,4.92257724553607,1.5602224405404117,8.28493205053173,0.95
TOTAL,2024-07-15,3.0,6.780747880856731,3.418094826034905,10.143400935678558,0.95
TOTAL,2024-07-22,4.0,7.638380215905192,4.27561009719965,11.001150334610735,0.95
TOTAL,2024-07-29,7.0,12.78226408335273,9.419447871232428,16.145080295473033,0.95
TOTAL,2024-08-05,6.0,3.5662021942840045,0.2033678097037983,6.929036578864211,0.95
TOTAL,2024-08-12,4.0,3.7802985308701382,0.41745697751725075,7.143140084223026,0.95
TOTAL,2024-08-19,14.0,5.352178759004072,1.9893343761062763,8.715023141901868,0.95
TOTAL,2024-08-26,7.0,1.6375753535155089,0.0,5.000420854847799,0.95
TOTAL,2024-09-02,6.0,27.49899234738778,24.136146400852947,30.861838293922613,0.95
TOTAL,2024-09-09,13.0,5.636546568253586,2.273700437699814,8.999392698807357,0.95
TOTAL,2024-09-16,16.0,3.923036032694524,0.5601898096997862,7.285882255689263,0.95
TOTAL,2024-09-23,8.0,1.6376230950871633,0.0,5.000469403230589,0.95
TOTAL,2024-09-30,13.0,3.779256727194287,0.4164102634505715,7.142103190938003,0.95
TOTAL,2024-10-07,4.0,25.49899575191413,22.136148919156433,28.861842584671827,0.95
TOTAL,2024-10-14,18.0,7.209445955828933,3.8465981991831018,10.572293712474764,0.95
TOTAL,2024-10-21,15.0,4.6376136450436345,1.2747635529691883,8.00046373711808,0.95
TOTAL,2024-10-28,10.0,11.780317486429386,8.417461479557126,15.143173493301646,0.95
TOTAL,2024-11-04,4.0,9.495967065858107,6.133096074903042,12.858838056813171,0.95
TOTAL,2024-11-11,1.0,6.4955271946945565,3.132618254505587,9.858436134883526,0.95
TOTAL,2024-11-18,1.0,3.9233376137896023,0.560332657672423,7.286342569906782,0.95
TOTAL,2024-11-25,12.0,1.7811326025459113,0.0,5.144379854137787,0.95
TOTAL,2024-12-02,3.0,3.3521423190480135,0.0,6.715996887673672,0.95
TOTAL,2024-12-09,11.0,1.5000208861324271,0.0,4.865371169698243,0.95
TOTAL,2024-12-16,1.0,1.6792661321855467,0.0,5.048128126664498,0.95
TOTAL,2024-12-23,1.0,1.8705548844730697,0.0,5.246530723194819,0.95
Total,2026-05-11,1.0,1.4214325127706322,0.0,7.767433296420945,0.95
Total,2026-05-18,1.0,1.397329302080259,0.0,7.8395536699570805,0.95
Total,2026-05-25,1.0,1.3987078496483265,0.0,7.993172670874351,0.95
Total,2026-06-01,1.0,1.398629005654394,0.0,8.138340152715376,0.95
Total,2026-06-08,1.0,1.3986335150202824,0.0,8.280724348808716,0.95
Total,2026-06-15,1.0,1.3986332571137545,0.0,8.420206163320081,0.95
Total,2026-06-22,1.5,1.3986332718643377,0.0,8.55697154520853,0.95
Total,2026-06-29,2.0,1.3986332710207,0.0,8.691172409316735,0.95
Total,2026-07-06,2.0,1.3986332710689504,0.0,8.822947876521217,0.95
Total,2026-07-13,3.0,1.3986332710661908,0.0,8.95242487768431,0.95
Total,2026-07-20,3.0,1.3986332710663487,0.0,9.079719646820259,0.95
Total,2026-07-27,2.0,1.3986332710663396,0.0,9.20493893939402,0.95
Total,2026-08-03,15.0,1.39863327106634,0.0,9.328181080553192,0.95
Total,2026-08-10,23.0,1.39863327106634,0.0,9.449536868707447,0.95
Total,2026-08-17,1.0,1.39863327106634,0.0,9.569090358285106,0.95
Total,2026-08-24,1.6666666666666665,1.39863327106634,0.0,9.686919540836238,0.95
Total,2026-08-31,2.333333333333333,1.39863327106634,0.0,9.80309694016677,0.95
Total,2026-09-07,3.0,1.39863327106634,0.0,9.917690134405255,0.95
US RESIDENTS,2024-05-27,2.0,1.4737582063348669,0.0,4.4772773298804225,0.95
US RESIDENTS,2024-06-03,4.5,1.5865319448447004,0.0,4.864431722442277,0.95
US RESIDENTS,2024-06-10,7.0,1.5568779781242463,0.0,4.894370332495641,0.95
US RESIDENTS,2024-06-17,3.0,1.4710288511632896,0.0,4.825117517594755,0.95
US RESIDENTS,2024-06-24,3.0,1.4854768156506415,0.0,4.845060491164744,0.95
US RESIDENTS,2024-07-01,2.0,3.3484617330986026,0.0,6.710050651501461,0.95
US RESIDENTS,2024-07-08,4.0,4.92257724553607,1.5602224405404117,8.28493205053173,0.95
US RESIDENTS,2024-07-15,3.0,6.780747880856731,3.418094826034905,10.143400935678558,0.95
US RESIDENTS,2024-07-22,4.0,7.638380215905192,4.27561009719965,11.001150334610735,0.95
US RESIDENTS,2024-07-29,7.0,12.78226408335273,9.419447871232428,16.145080295473033,0.95
US RESIDENTS,2024-08-05,6.0,3.5662021942840045,0.2033678097037983,6.929036578864211,0.95
US RESIDENTS,2024-08-12,4.0,3.7802985308701382,0.41745697751725075,7.143140084223026,0.95
US RESIDENTS,2024-08-19,14.0,5.352178759004072,1.9893343761062763,8.715023141901868,0.95
US RESIDENTS,2024-08-26,7.0,1.6375753535155089,0.0,5.000420854847799,0.95
US RESIDENTS,2024-09-02,6.0,27.49899234738778,24.136146400852947,30.861838293922613,0.95
US RESIDENTS,2024-09-09,13.0,5.636546568253586,2.273700437699814,8.999392698807357,0.95
US RESIDENTS,2024-09-16,15.0,3.923036032694524,0.5601898096997862,7.285882255689263,0.95
US RESIDENTS,2024-09-23,8.0,1.6376230950871633,0.0,5.000469403230589,0.95
US RESIDENTS,2024-09-30,12.0,3.779256727194287,0.4164102634505715,7.142103190938003,0.95
US RESIDENTS,2024-10-07,4.0,25.49899575191413,22.136148919156433,28.861842584671827,0.95
US RESIDENTS,2024-10-14,18.0,7.209445955828933,3.8465981991831018,10.572293712474764,0.95
US RESIDENTS,2024-10-21,15.0,4.6376136450436345,1.2747635529691883,8.00046373711808,0.95
US RESIDENTS,2024-10-28,10.0,11.780317486429386,8.417461479557126,15.143173493301646,0.95
US RESIDENTS,2024-11-04,4.0,9.495967065858107,6.133096074903042,12.858838056813171,0.95
US RESIDENTS,2024-11-11,1.0,6.4955271946945565,3.132618254505587,9.858436134883526,0.95
US RESIDENTS,2024-11-18,1.0,3.9233376137896023,0.560332657672423,7.286342569906782,0.95
US RESIDENTS,2024-11-25,10.0,1.7811326025459113,0.0,5.144379854137787,0.95
US RESIDENTS,2024-12-02,2.0,3.3521423190480135,0.0,6.715996887673672,0.95
US RESIDENTS,2024-12-09,11.0,1.5000208861324271,0.0,4.865371169698243,0.95
US RESIDENTS,2024-12-16,1.0,1.6792661321855467,0.0,5.048128126664498,0.95
US RESIDENTS,2024-12-23,1.0,1.8705548844730697,0.0,5.246530723194819,0.95
