Reporting Area,total_records,valid_case_counts,total_cases,valid_percentage
US RESIDENTS,156,107,519.0,68.58974358974359
TOTAL,156,107,527.0,68.58974358974359
SOUTH ATLANTIC,156,81,348.0,51.92307692307693
Total,90,66,276.0,73.33333333333333
U.S. Residents,90,65,269.0,72.22222222222221
FLORIDA,156,52,259.0,33.33333333333333
South Atlantic,90,51,209.0,56.666666666666664
Florida,90,43,188.0,47.77777777777778
MIDDLE ATLANTIC,156,42,92.0,26.923076923076923
NEW YORK,156,42,92.0,26.923076923076923
MARYLAND,156,35,47.0,22.435897435897438
ARIZONA,156,30,36.0,19.230769230769234
MOUNTAIN,156,30,36.0,19.230769230769234
VIRGINIA,156,23,34.0,14.743589743589745
Middle Atlantic,90,20,23.0,22.22222222222222
New York,90,20,23.0,22.22222222222222
West South Central,90,13,15.0,14.444444444444443
Texas,90,13,15.0,14.444444444444443
Mountain,90,12,14.0,13.333333333333334
Maryland,90,11,12.0,12.222222222222221
Arizona,90,11,13.0,12.222222222222221
WEST SOUTH CENTRAL,156,8,9.0,5.128205128205128
PACIFIC,156,8,8.0,5.128205128205128
EAST NORTH CENTRAL,156,7,8.0,4.487179487179487
Virginia,90,7,7.0,7.777777777777778
U.S. Territories,90,6,7.0,6.666666666666667
EAST SOUTH CENTRAL,156,6,7.0,3.8461538461538463
OREGON,156,6,6.0,3.8461538461538463
NEW ENGLAND,156,5,5.0,3.205128205128205
ARKANSAS,156,5,6.0,3.205128205128205
WEST NORTH CENTRAL,156,5,6.0,3.205128205128205
NEBRASKA,156,5,6.0,3.205128205128205
US TERRITORIES,156,5,8.0,3.205128205128205
WISCONSIN,156,5,5.0,3.205128205128205
U.S. VIRGIN ISLANDS,156,4,5.0,2.564102564102564
DELAWARE,156,4,6.0,2.564102564102564
MAINE,156,4,4.0,2.564102564102564
U.S. Virgin Islands,90,4,5.0,4.444444444444445
ALABAMA,156,3,3.0,1.9230769230769231
TEXAS,156,3,3.0,1.9230769230769231
West North Central,90,3,3.0,3.3333333333333335
Pacific,90,3,3.0,3.3333333333333335
Nebraska,90,3,3.0,3.3333333333333335
TENNESSEE,156,3,4.0,1.9230769230769231
Guam,90,2,2.0,2.2222222222222223
MICHIGAN,156,2,2.0,1.282051282051282
HAWAII,156,2,2.0,1.282051282051282
Delaware,90,2,2.0,2.2222222222222223
NORTH CAROLINA,156,2,2.0,1.282051282051282
INDIANA,156,1,1.0,0.641025641025641
California,90,1,1.0,1.1111111111111112
Idaho,90,1,1.0,1.1111111111111112
East North Central,90,1,1.0,1.1111111111111112
New England,90,1,1.0,1.1111111111111112
Wisconsin,90,1,1.0,1.1111111111111112
Hawaii,90,1,1.0,1.1111111111111112
Maine,90,1,1.0,1.1111111111111112
Oregon,90,1,1.0,1.1111111111111112
PUERTO RICO,156,1,3.0,0.641025641025641
RHODE ISLAND,156,1,1.0,0.641025641025641
COLORADO,156,0,0.0,0.0
CALIFORNIA,156,0,0.0,0.0
Arkansas,90,0,0.0,0.0
American Samoa,90,0,0.0,0.0
Alabama,90,0,0.0,0.0
Alaska,90,0,0.0,0.0
ALASKA,156,0,0.0,0.0
AMERICAN SAMOA,156,0,0.0,0.0
Kansas,90,0,0.0,0.0
East South Central,90,0,0.0,0.0
District of Columbia,90,0,0.0,0.0
CONNECTICUT,156,0,0.0,0.0
GEORGIA,156,0,0.0,0.0
DISTRICT OF COLUMBIA,156,0,0.0,0.0
Colorado,90,0,0.0,0.0
Connecticut,90,0,0.0,0.0
NON-US RESIDENTS,156,0,0.0,0.0
NEW YORK CITY,156,0,0.0,0.0
NEW MEXICO,156,0,0.0,0.0
NEW JERSEY,156,0,0.0,0.0
NEVADA,156,0,0.0,0.0
NEW HAMPSHIRE,156,0,0.0,0.0
Montana,90,0,0.0,0.0
Missouri,90,0,0.0,0.0
Michigan,90,0,0.0,0.0
Mississippi,90,0,0.0,0.0
Minnesota,90,0,0.0,0.0
MINNESOTA,156,0,0.0,0.0
MONTANA,156,0,0.0,0.0
MISSOURI,156,0,0.0,0.0
MISSISSIPPI,156,0,0.0,0.0
Massachusetts,90,0,0.0,0.0
Louisiana,90,0,0.0,0.0
LOUISIANA,156,0,0.0,0.0
Kentucky,90,0,0.0,0.0
MASSACHUSETTS,156,0,0.0,0.0
Commonwealth of Northern Mariana Islands,90,0,0.0,0.0
GUAM,156,0,0.0,0.0
IDAHO,156,0,0.0,0.0
Georgia,90,0,0.0,0.0
ILLINOIS,156,0,0.0,0.0
IOWA,156,0,0.0,0.0
Illinois,90,0,0.0,0.0
Indiana,90,0,0.0,0.0
Iowa,90,0,0.0,0.0
KANSAS,156,0,0.0,0.0
KENTUCKY,156,0,0.0,0.0
NORTHERN MARIANA ISLANDS,156,0,0.0,0.0
SOUTH DAKOTA,156,0,0.0,0.0
SOUTH CAROLINA,156,0,0.0,0.0
Puerto Rico,90,0,0.0,0.0
Rhode Island,90,0,0.0,0.0
Pennsylvania,90,0,0.0,0.0
Ohio,90,0,0.0,0.0
Oklahoma,90,0,0.0,0.0
PENNSYLVANIA,156,0,0.0,0.0
New Jersey,90,0,0.0,0.0
New Mexico,90,0,0.0,0.0
New York City,90,0,0.0,0.0
Non-U.S. Residents,90,0,0.0,0.0
North Carolina,90,0,0.0,0.0
North Dakota,90,0,0.0,0.0
OHIO,156,0,0.0,0.0
OKLAHOMA,156,0,0.0,0.0
NORTH DAKOTA,156,0,0.0,0.0
New Hampshire,90,0,0.0,0.0
Nevada,90,0,0.0,0.0
Utah,90,0,0.0,0.0
South Dakota,90,0,0.0,0.0
UTAH,156,0,0.0,0.0
South Carolina,90,0,0.0,0.0
Tennessee,90,0,0.0,0.0
WEST VIRGINIA,156,0,0.0,0.0
WASHINGTON,156,0,0.0,0.0
VERMONT,156,0,0.0,0.0
Vermont,90,0,0.0,0.0
Washington,90,0,0.0,0.0
WYOMING,156,0,0.0,0.0
West Virginia,90,0,0.0,0.0
Wyoming,90,0,0.0,0.0
