location,date,actual,prediction,absolute_error
TOTAL,2024-07-29,7.0,1.0,6.0
TOTAL,2024-08-05,6.0,1.0,5.0
TOTAL,2024-08-12,4.0,1.0,3.0
TOTAL,2024-08-19,14.0,2.0,12.0
TOTAL,2024-08-26,7.0,1.0,6.0
TOTAL,2024-09-02,6.0,2.0,4.0
TOTAL,2024-09-09,13.0,2.0,11.0
TOTAL,2024-09-16,16.0,2.0,14.0
TOTAL,2024-09-23,8.0,5.0,3.0
TOTAL,2024-09-30,13.0,4.0,9.0
TOTAL,2024-10-07,4.0,2.0,2.0
TOTAL,2024-10-14,18.0,3.0,15.0
TOTAL,2024-10-21,15.0,12.0,3.0
TOTAL,2024-10-28,10.0,6.0,4.0
TOTAL,2024-11-04,4.0,2.0,2.0
TOTAL,2024-11-11,1.0,11.0,10.0
TOTAL,2024-11-18,1.0,1.0,0.0
TOTAL,2024-11-25,12.0,5.0,7.0
TOTAL,2024-12-02,3.0,5.0,2.0
TOTAL,2024-12-09,11.0,13.0,2.0
TOTAL,2024-12-16,1.0,3.0,2.0
TOTAL,2024-12-23,1.0,3.0,2.0
US RESIDENTS,2024-07-29,7.0,1.0,6.0
US RESIDENTS,2024-08-05,6.0,1.0,5.0
US RESIDENTS,2024-08-12,4.0,1.0,3.0
US RESIDENTS,2024-08-19,14.0,2.0,12.0
US RESIDENTS,2024-08-26,7.0,1.0,6.0
US RESIDENTS,2024-09-02,6.0,2.0,4.0
US RESIDENTS,2024-09-09,13.0,2.0,11.0
US RESIDENTS,2024-09-16,15.0,2.0,13.0
US RESIDENTS,2024-09-23,8.0,5.0,3.0
US RESIDENTS,2024-09-30,12.0,4.0,8.0
US RESIDENTS,2024-10-07,4.0,2.0,2.0
US RESIDENTS,2024-10-14,18.0,3.0,15.0
US RESIDENTS,2024-10-21,15.0,12.0,3.0
US RESIDENTS,2024-10-28,10.0,6.0,4.0
US RESIDENTS,2024-11-04,4.0,2.0,2.0
US RESIDENTS,2024-11-11,1.0,11.0,10.0
US RESIDENTS,2024-11-18,1.0,1.0,0.0
US RESIDENTS,2024-11-25,10.0,5.0,5.0
US RESIDENTS,2024-12-02,2.0,5.0,3.0
US RESIDENTS,2024-12-09,11.0,13.0,2.0
US RESIDENTS,2024-12-16,1.0,3.0,2.0
US RESIDENTS,2024-12-23,1.0,3.0,2.0
