date,observed,trend,seasonal,residual
2022-01-10,2.0,4.2874935933013685,-2.2078311033390965,-0.07966248996227243
2022-01-17,1.5,4.27491716404254,-2.7006029295817164,-0.07431423446082341
2022-01-24,1.0,4.262309731828165,-3.193323597305254,-0.06898613452291169
2022-01-31,1.0,4.249670878299548,-3.222552004591103,-0.0271188737084449
2022-02-07,1.0,4.237000355675216,-3.17860434091787,-0.05839601475734568
2022-02-14,1.0,4.224298026318099,-3.1711614532510874,-0.05313657306701103
2022-02-21,1.0,4.211563893757285,-3.163661429940928,-0.047902463816356544
2022-02-28,1.6666666666666665,4.198798103150821,-2.4894366159779113,-0.0426948205062434
2022-03-07,2.333333333333333,4.186000926507665,-1.8151528491280389,-0.03751474404629285
2022-03-14,3.0,4.173172733861452,-1.1408094267893667,-0.032363307072085234
2022-03-21,2.857142857142857,4.16031393579708,-1.2759295289618624,-0.027241549692360145
2022-03-28,2.7142857142857144,4.147425009400059,-1.4202525908321444,-0.012886704282199624
2022-04-04,2.5714285714285716,4.134506493804855,-1.5459867787607207,-0.017091143615562743
2022-04-11,2.428571428571429,4.1215589650879245,-1.6809230648934221,-0.012064471623073558
2022-04-18,2.2857142857142856,4.108583030252314,-1.9103700514688806,0.0875013069308519
2022-04-25,2.142857142857143,4.095579283221762,-1.9506093700684104,-0.0021127702962093764
2022-05-02,2.0,4.082548192771222,-2.087241786720037,0.004693593948815078
2022-05-09,1.8571428571428572,4.069490172620814,-2.220046716011245,0.00769940053328888
2022-05-16,1.7142857142857144,4.056405593081558,-2.3546727296819387,0.012552850886095257
2022-05-23,1.5714285714285716,4.043294762759809,-2.4892381988011953,0.017372007469958817
2022-05-30,1.4285714285714286,4.030157906652963,-2.6237449154025256,0.022158437320991098
2022-06-06,1.2857142857142858,4.0169951463158515,-2.7581955186419607,0.026914658040395167
2022-06-13,1.142857142857143,4.00380648566051,-2.8925930346288036,0.031643691825436804
2022-06-20,1.0,3.9905917635770476,-3.0675832879899234,0.07699152441287582
2022-06-27,1.0,3.9773505970646914,-3.0572360980066593,0.07988550094196789
2022-07-04,3.0,3.964082280245356,-1.0096988595885252,0.04561657934316887
2022-07-11,5.0,3.950785734276029,0.9991376300191623,0.05007663570480858
2022-07-18,7.0,3.9374595283656317,3.0102597048104696,0.052280766823898706
2022-07-25,8.0,3.924101776764714,4.021950959583955,0.05394726365133096
2022-08-01,14.0,3.9107100322966835,10.034228835828099,0.05506113187521766
2022-08-08,3.0,3.8972811746199247,-0.9675907597172972,0.07030958509737273
2022-08-15,3.0,3.883811270110677,-0.9394094148432819,0.055598144732604826
2022-08-22,5.0,3.8702953900955968,1.074688024701321,0.05501658520308217
2022-08-29,1.0,3.856727432562724,-2.910598912890665,0.05387148032794098
2022-09-05,31.0,3.8430998978892967,27.10473143511589,0.05216866699481226
2022-09-12,4.0,3.8294036468840935,0.12068055921644748,0.04991579389945899
2022-09-19,3.0,3.8156276874926696,-0.8627494489009897,0.04712176140832014
2022-09-26,1.0,3.8017587376925883,-2.8455551410183677,0.04379640332577939
2022-10-03,2.0,3.7877807761670157,-1.8277311961529596,0.03995041998594395
2022-10-10,29.0,3.773674575536135,25.190730014554244,0.035595409909620734
2022-10-17,7.0,3.7594172517479216,3.2098387502319365,0.030743998020141827
2022-10-24,4.0,3.7449819482171884,0.2296078380208968,0.02541021376191477
2022-10-31,11.0,3.730337522592291,7.250052365906632,0.019610111501076943
2022-11-07,10.0,3.7154487232558453,6.271188714559543,0.01336256218461207
2022-11-14,6.5,3.700277334644787,2.793032676644107,0.006689988711106043
2022-11-21,3.0,3.6847851118823174,-0.6844039969102604,-0.0003811149720567286
2022-11-28,1.0,3.6689398045561523,-2.661119738046222,-0.007820066509930168
2022-12-05,1.0,3.652725722579568,-2.637133201623705,-0.015592520955863165
2022-12-12,1.0,3.6361591647363296,-2.612497154617908,-0.023662010118421506
2022-12-19,1.1666666666666667,3.619303564785467,-2.420644488815694,-0.03199240930310632
2022-12-26,1.3333333333333333,3.6022648939027544,-2.2283827544762493,-0.04054880609317202
2023-01-02,1.5,3.586479711117392,-2.03749824123082,-0.048981469886571816
2023-01-09,1.6666666666666665,3.570719713411906,-2.1622927494409017,0.2582397026956622
2023-01-16,1.8333333333333333,3.5549951804098154,-2.315092557157463,0.5934307100809808
2023-01-23,2.0,3.5393529965458628,-2.0684804063783955,0.5291274098325323
2023-01-30,1.0,3.524019243383745,-2.1154984095704985,-0.40852083381324666
2023-02-06,1.5,3.5094342487120986,-3.07704682940628,1.0676125806941812
2023-02-13,2.0,3.4962589946934015,-3.0821824675847793,1.5859234728913778
2023-02-20,1.6666666666666667,3.4853358730098143,-3.0878298098835137,1.269160603540366
2023-02-27,1.3333333333333335,3.4775861939351667,-2.7606068546940716,0.6163539940922385
2023-03-06,1.0,3.4738337079512758,-2.4337997512032037,-0.040033956748072086
2023-03-13,1.0,3.4746064229316076,-1.607364827476584,-0.8672415954550239
2023-03-20,1.0,3.4799700224300416,-1.1860247876129506,-1.293945234817091
2023-03-27,1.0,3.489410289381269,-1.7756672199131505,-0.7137430694681188
2023-04-03,1.0,3.501830576191952,-0.8442142406355131,-1.6576163355564388
2023-04-10,1.0,3.516044215809727,-1.4236939326831266,-1.0923502831266005
2023-04-17,1.0,3.5310009456122913,-2.1151988727660047,-0.41580207284628656
2023-04-24,1.0,3.545884501961955,-2.3651616820503114,-0.18072281991164374
2023-05-01,1.0,3.5601356523988157,-2.1657121334168843,-0.3944235189819314
2023-05-08,1.0,3.5734218371821744,-0.24393409379821404,-2.3294877433839605
2023-05-15,1.0,3.5855643530724706,-0.3246097079577863,-2.2609546451146842
2023-05-22,1.0,3.5964355176005958,-2.9055771388688383,0.3091416212682425
2023-05-29,1.0,3.6060417187392537,-2.4868722612333287,-0.119169457505925
2023-06-05,1.0,3.6144730068817856,-1.3185357060034057,-1.2959373008783799
2023-06-12,1.0,3.6218452401159404,-0.15061051098650496,-2.4712347291294354
2023-06-19,1.0,3.6282588637525013,-2.282146744524908,-0.34611211922759333
2023-06-26,1.0,3.633771593826513,-2.2917140181928177,-0.34205757563369543
2023-07-03,2.0,3.638429778677795,-1.7568522167427711,0.1184224380649761
2023-07-10,1.0,3.642262090212037,0.23047558614790153,-2.8727376763599386
2023-07-17,2.0,3.6452651306524273,0.7172328325456079,-2.3624979631980354
2023-07-24,2.0,3.6473865962649437,1.7034094794789558,-3.3507960757438995
2023-07-31,2.0,3.648516425073295,6.18900307684038,-7.837519501913675
2023-08-07,3.5,3.6485403049159424,0.15601759746032873,-0.304557902376271
2023-08-14,5.0,3.647359952108941,-0.8415355323627411,2.1941755802538
2023-08-21,4.0,3.644927647402531,5.142357438058645,-4.787285085461177
2023-08-28,2.0,3.6412766946939095,-0.3742844834487185,-1.2669922112451908
2023-09-04,3.0,3.636453154870507,-0.3808559616262447,-0.2555971932442622
2023-09-11,12.0,3.6305892256142296,4.090913285860342,4.278497488525428
2023-09-18,6.0,3.6239883581999273,4.572799317833532,-2.196787676033459
2023-09-25,2.0,3.617207343355699,0.05424212853552823,-1.6714494718912274
2023-10-02,11.0,3.611084363309021,2.5352664534289504,4.853649183262029
2023-10-09,1.0,3.606465000823647,-2.359381497542763,-0.24708350328088402
2023-10-16,5.0,3.6041647606874303,7.996162435313475,-6.600327196000905
2023-10-23,5.0,3.6049181815333653,4.97608825983129,-3.581006441364655
2023-10-30,13.0,3.6093129548113767,5.955705004858206,3.434982040330417
2023-11-06,3.0,3.617730580886578,2.435045082289137,-3.052775663175715
2023-11-13,3.0,3.630168919048647,-0.835856318361377,0.20568739931273017
2023-11-20,6.0,3.6463832174092596,-2.6069619630041507,4.9605787455948915
2023-11-27,3.0,3.6659668817310935,0.8717652328233636,-1.5377321145544571
2023-12-04,14.0,3.688187786506909,10.520131740985518,-0.20831952749242655
2023-12-11,1.0,3.712306285626055,1.3288378729183854,-4.041144158544441
2023-12-18,1.2,3.7377483506870663,-3.6094571299393765,1.0717087792523103
2023-12-25,1.4,3.7642087096577224,-3.547871098980049,1.183662389322326
2024-01-01,1.6,3.7916789153169033,-2.0113383162436995,-0.18034059907320366
2024-01-08,1.8,3.8202019222791583,-1.84721793720271,-0.1729839850764483
2024-01-15,2.0,3.8540567510120387,-1.6891150573316793,-0.1649416936803596
2024-01-22,3.0,3.8894270271741567,-0.7324598431079847,-0.15696718406617194
2024-01-29,3.0,3.926310689447876,-0.8133659958742324,-0.11294469357364356
2024-02-05,1.0,3.964654651692406,-2.823049636649493,-0.14160501504291334
2024-02-12,1.0,4.004343457444204,-2.8699912711984408,-0.13435218624576306
2024-02-19,1.0,4.045229277384561,-2.9178011829746135,-0.12742809440994707
2024-02-26,1.0,4.087159028222369,-2.9663207002287573,-0.12083832799361183
2024-03-04,1.0,4.129990117745263,-3.0154159914158383,-0.11457412632942443
2024-03-11,2.0,4.173596992686486,-2.0649800278399058,-0.10861696484658001
2024-03-18,3.0,4.217872193623832,-1.114930482032989,-0.10294171159084353
2024-03-25,2.0,4.262725607786784,-2.174121179619432,-0.08860442816735237
2024-04-01,4.0,4.3080823197364255,-0.2157670319570545,-0.09231528777937115
2024-04-08,3.0,4.353880139722473,-1.2665833817927603,-0.08729675792971303
2024-04-15,2.0,4.400067373890565,-2.4098714735438964,0.009804099653331733
2024-04-22,1.0,4.4466008359573115,-3.3689211359139906,-0.07767970004332092
2024-04-29,2.0,4.493444056978928,-2.4222708080986073,-0.07117324888031984
2024-05-06,6.0,4.540566089798283,1.5278613794900104,-0.06842746928829335
2024-05-13,6.0,4.587940676652546,1.4759406807488435,-0.06388135740138967
2024-05-20,1.0,4.635545443188127,-3.576176888777453,-0.05936855441067301
2024-05-27,2.0,4.6833612073671285,-2.628480741381799,-0.05488046598532925
2024-06-03,4.5,4.731371404944797,-0.18095862995481649,-0.050412774989980313
2024-06-10,7.0,4.779561603888636,2.26640229151628,-0.045963895404915966
2024-06-17,3.0,4.82791920511469,-1.8277148578149662,-0.00020434729972418353
2024-06-24,3.0,4.8764331510539325,-1.878990499672907,0.0025573486189749417
2024-07-01,2.0,4.9250936331547255,-2.892357707879375,-0.0327359252753503
2024-07-08,4.0,4.973891897644909,-0.9455347558582521,-0.028357141786656825
2024-07-15,3.0,5.022820113861185,-1.9988430265678279,-0.023977087293356902
2024-07-22,4.0,5.071871282778686,-1.0522747730878486,-0.01959650969083704
2024-07-29,7.0,5.121039130716745,1.8941784447682206,-0.015217575484965273
2024-08-05,6.0,5.1703180108127444,0.8250441779780902,0.004637811209165399
2024-08-12,4.0,5.219702814435422,-1.2132303290625184,-0.006472485372903236
2024-08-19,14.0,5.269188885644391,8.732920562924312,-0.0021094485687029874
2024-08-26,7.0,5.318771974527068,1.678982490994241,0.0022455344786909137
2024-09-02,6.0,5.368448188083864,0.6249604965212117,0.006591315394924635
2024-09-09,13.0,5.418213944841825,7.570859240439065,0.01092681471911039
2024-09-16,15.0,5.468065937711073,9.516683038071994,0.015251024216932585
2024-09-23,8.0,5.518001088509706,2.462435926403654,0.01956298508664034
2024-09-30,12.0,5.568016512448046,6.408121703292008,0.023861784259946006
2024-10-07,4.0,5.618109488061813,-1.64625604712303,0.028146559061217324
2024-10-14,18.0,5.668277440110657,12.299306056988556,0.032416502900787236
2024-10-21,15.0,5.7185179434614914,9.24481118390645,0.03667087263205904
2024-10-28,10.0,5.768828665124876,4.190262329123281,0.04090900575184264
2024-11-04,4.0,5.819207331639821,-1.864337670101365,0.04513033846154446
2024-11-11,1.0,5.8696517086170505,-4.918986133106895,0.04933442448984415
2024-11-18,1.0,5.920159599842178,-4.973680545626777,0.05352094578459976
2024-11-25,10.0,5.9707288821055675,3.9715814120985007,0.0576897057959318
2024-12-02,2.0,6.021357428111964,-4.083198111794662,0.06184068368269813
2024-12-09,11.0,6.0720430996781385,4.861982856553906,0.06597404376795524
2024-12-16,1.0,6.122783816602965,-5.192873879120471,0.07009006251750627
2024-12-23,1.0,6.173577446594902,-5.24776657838269,0.07418913178778741
